series,session,when_IST,air_temp_c,struct_temp_c,raw_state,temp_free_state,u_raw,u_temp_free,v_raw,v_temp_free,kg_raw,kg_temp_free
RFM_0001_s14,0,2026-09-14 23:36,23.83,23.85,BASE,BASE,0.573056097781387,0.573056097781387,2.1719565512012666,2.1719565512012666,,
RFM_0001_s14,1,2026-09-15 04:32,23.85,23.81,BASE,BASE,0.5655893922028807,0.5655893922028807,2.167116595603157,2.167116595603157,,
RFM_0001_s14,2,2026-09-15 05:07,24.0,23.93,BASE,BASE,0.5586427048242671,0.5586427048242671,2.153731042204817,2.153731042204817,,
RFM_0001_s14,3,2026-09-15 06:04,24.89,24.72,BASE,BASE,0.5433734967102084,0.5433734967102084,2.1504565941711222,2.1504565941711222,,
RFM_0001_s14,5,2026-09-15 08:51,27.21,26.93,OK,OK,0.5243948923065622,0.5243948923065622,2.126820255696713,2.126820255696713,,
RFM_0001_s14,6,2026-09-15 09:31,27.86,27.6,OK,OK,1.0256614334323368,1.0256614334323368,1.9428692781702028,1.9428692781702028,,
RFM_0001_s14,7,2026-09-15 10:29,28.95,28.61,SETTLING,SETTLING,1.1761851046240737,1.1761851046240737,1.839192840201553,1.839192840201553,,
RFM_0001_s14,9,2026-09-15 11:45,30.36,30.19,DRIFT,DRIFT,1.1610094672774605,1.1610094672774605,1.4150372620196523,1.4150372620196523,,
RFM_0001_s14,10,2026-09-15 12:23,30.45,30.36,EVENT,EVENT,0.002219131983275411,0.002219131983275411,0.04648680613048012,0.04648680613048012,,
RFM_0001_s14,11,2026-09-15 13:06,30.3,30.33,UNARMED,UNARMED,-0.027538856836053206,-0.027538856836053206,0.01641861612650556,0.01641861612650556,,
RFM_0001_s14,12,2026-09-15 13:56,28.54,28.7,UNARMED,UNARMED,-0.3108195664675811,-0.3108195664675811,-1.0590952550032366,-1.0590952550032366,,
RFM_0001_s14,13,2026-09-15 18:39,25.26,25.33,UNARMED,UNARMED,-0.39097516019801976,-0.39097516019801976,-1.1628260845048857,-1.1628260845048857,,
RFM_0001_s14,14,2026-09-17 12:00,29.64,29.5,UNARMED,UNARMED,-0.33959714779461736,-0.33959714779461736,-1.2359797007606792,-1.2359797007606792,,
RFM_0001_s14,15,2026-09-17 14:02,29.34,29.41,UNARMED,UNARMED,-1.0296377696796564,-1.0296377696796564,-3.059530536255825,-3.059530536255825,,
RFM_0002_s4,0,2026-09-11 22:20,26.07,26.92,BASE,BASE,0.00986794606806738,0.00986794606806738,0.004748417361168819,0.004748417361168819,,
RFM_0002_s4,1,2026-09-14 01:02,24.47,24.83,BASE,BASE,0.4849964159967032,0.4849964159967032,0.22792517335228168,0.22792517335228168,,
RFM_0002_s4,2,2026-09-14 23:37,24.0,24.82,BASE,BASE,0.5599325265930208,0.5599325265930208,0.2507952839865828,0.2507952839865828,,
RFM_0002_s4,3,2026-09-15 01:02,23.77,24.32,BASE,BASE,0.5644039303924894,0.5644039303924894,0.243023702200822,0.243023702200822,,
RFM_0002_s4,4,2026-09-15 05:07,24.0,24.0,OK,OK,0.568798026754987,0.568798026754987,0.2777610253916041,0.2777610253916041,,
RFM_0002_s4,5,2026-09-15 06:01,24.77,24.15,OK,OK,0.576825138798468,0.576825138798468,0.23416481183572443,0.23416481183572443,,
RFM_0002_s4,6,2026-09-15 08:52,27.17,25.13,EVENT,EVENT,0.5206389294125573,0.5206389294125573,0.4248086636681024,0.4248086636681024,,
RFM_0002_s4,10,2026-09-15 11:43,30.26,27.44,SETTLING,SETTLING,0.5307874420633694,0.5307874420633694,0.45157470647221576,0.45157470647221576,,
RFM_0002_s4,12,2026-09-15 13:15,30.32,28.6,BASE,BASE,0.5126434627800456,0.5126434627800456,0.4197909535306381,0.4197909535306381,,
RFM_0002_s4,14,2026-09-15 14:58,29.18,29.13,BASE,BASE,0.5823704628189124,0.5823704628189124,0.4689095104721104,0.4689095104721104,,
RFM_0002_s4,15,2026-09-15 16:48,28.22,28.94,SETTLING,SETTLING,0.27365162027783385,0.27365162027783385,0.531262372876635,0.531262372876635,,
RFM_0002_s4,16,2026-09-15 17:22,27.78,28.75,BASE,BASE,0.29623942725852254,0.29623942725852254,0.5039160765329568,0.5039160765329568,,
RFM_0002_s4,28,2026-09-16 02:35,24.7,25.3,SETTLING,SETTLING,0.33700829993297576,0.33700829993297576,0.5345349889643177,0.5345349889643177,,
RFM_0002_s4,30,2026-09-17 12:09,29.67,28.34,SETTLING,SETTLING,-0.07559261068687376,-0.07559261068687376,-0.027393207877287672,-0.027393207877287672,,
RFM_0002_s4,31,2026-09-17 13:43,29.83,28.99,BASE,BASE,-0.0871897262039085,-0.0871897262039085,-0.007438877132786854,-0.007438877132786854,,
RFM_0002_s4,32,2026-09-17 14:23,29.72,29.19,EVENT,EVENT,-0.08940948279163077,-0.08940948279163077,-0.03228371638023948,-0.03228371638023948,,
RFM_0002_s4,33,2026-09-17 16:03,26.84,27.76,BASE,BASE,-0.06762519335841374,-0.06762519335841374,-0.033867434797472125,-0.033867434797472125,,
RFM_0002_s4,34,2026-09-18 10:14,28.62,27.97,BASE,BASE,-0.07683004975443401,-0.07683004975443401,0.015577593348641547,0.015577593348641547,,
RFM_0002_s4,35,2026-09-18 19:05,26.51,27.54,BASE,BASE,-0.07179253433129734,-0.07179253433129734,0.02122547211137258,0.02122547211137258,,
RFM_0002_s4,36,2026-09-18 20:21,26.01,26.8,BASE,BASE,-0.06226837680292476,-0.06226837680292476,0.012698182700306182,0.012698182700306182,,
RFM_0002_s4,37,2026-09-18 23:45,25.29,26.19,OK,OK,-0.06178191875821581,-0.06178191875821581,0.013700246136200505,0.013700246136200505,,
RFM_0002_s4,39,2026-09-19 02:03,25.0,25.72,SETTLING,SETTLING,-0.05833022994893641,-0.05833022994893641,-0.02552178277304293,-0.02552178277304293,,
RFM_0002_s4,40,2026-09-19 02:41,24.99,25.53,OK,OK,-0.05692004437563043,-0.05692004437563043,0.004912740399185354,0.004912740399185354,,
RFM_0002_s4,41,2026-09-19 03:19,24.95,25.44,OK,OK,-0.06503964300763157,-0.06503964300763157,0.004219464634878393,0.004219464634878393,,
RFM_0002_s4,43,2026-09-19 09:44,29.2,26.8,OK,OK,-0.06468423428506435,-0.06468423428506435,0.0017902329965490682,0.0017902329965490682,,
RFM_0002_s4,44,2026-09-19 10:27,30.0,27.52,OK,OK,-0.05783248055441733,-0.05783248055441733,0.017102069237412948,0.017102069237412948,,
RFM_0002_s4,45,2026-09-19 11:58,30.8,28.6,OK,OK,-0.04795903930522175,-0.04795903930522175,0.011073259172947495,0.011073259172947495,,
RFM_0002_s4,46,2026-09-19 12:35,29.37,29.02,OK,OK,-0.04822845278648739,-0.04822845278648739,-0.013743520821777232,-0.013743520821777232,,
RFM_0002_s4,47,2026-09-19 15:27,27.87,28.71,OK,OK,-0.026069588197583902,-0.026069588197583902,-0.006632491138706573,-0.006632491138706573,,
RFM_0002_s4,48,2026-09-19 16:29,27.8,28.54,SETTLING,SETTLING,-0.03321238801112697,-0.03321238801112697,-0.0012225904903748763,-0.0012225904903748763,,
RFM_0002_s4,49,2026-09-19 17:22,27.89,28.35,OK,OK,-0.04418374353587658,-0.04418374353587658,-0.009029347403092032,-0.009029347403092032,,
RFM_0002_s4,50,2026-09-19 17:35,27.67,28.28,OK,OK,-0.04260425541487842,-0.04260425541487842,0.04434968707201461,0.04434968707201461,,
RFM_0002_s4,51,2026-09-19 18:39,27.08,28.05,SETTLING,SETTLING,-0.03781502307399481,-0.03781502307399481,0.029288325174995484,0.029288325174995484,,
RFM_0002_s4,54,2026-09-19 20:26,26.36,27.33,OK,OK,-0.039975275449764446,-0.039975275449764446,-0.013093590090586069,-0.013093590090586069,,
RFM_0002_s4,55,2026-09-19 21:14,25.9,26.6,OK,OK,-0.038893380242408265,-0.038893380242408265,0.0031455482492630474,0.0031455482492630474,,
RFM_0002_s4,56,2026-09-20 02:09,25.28,25.96,OK,OK,-0.027988850691591582,-0.027988850691591582,-0.003513927682350088,-0.003513927682350088,,
RFM_0002_s4,59,2026-09-21 11:41,31.4,29.03,OK,OK,0.0348233459295771,0.0348233459295771,0.061623142495241666,0.061623142495241666,,
RFM_0002_s4,61,2026-09-21 15:15,28.98,29.92,EVENT,EVENT,0.17367326026666835,0.17367326026666835,-0.04886381731435928,-0.04886381731435928,,
RFM_0002_s4,62,2026-09-21 16:03,28.6,29.63,SETTLING,SETTLING,0.18097503565259443,0.18097503565259443,0.014450584799746336,0.014450584799746336,,
RFM_0002_s4,63,2026-09-21 17:34,27.46,29.07,SETTLING,SETTLING,0.19160870176143147,0.19160870176143147,0.013539132868943132,0.013539132868943132,,
RFM_0002_s4,64,2026-09-21 18:11,27.05,28.76,SETTLING,SETTLING,0.19128091652513485,0.19128091652513485,-0.0059982996140601035,-0.0059982996140601035,,
RFM_0002_s4,65,2026-09-21 18:55,26.62,27.93,BASE,BASE,0.2000924802595718,0.2000924802595718,-0.030669385633299746,-0.030669385633299746,,
RFM_0002_s4,66,2026-09-21 20:58,26.45,27.31,BASE,BASE,0.20065477691498879,0.20065477691498879,-0.027082498193834556,-0.027082498193834556,,
RFM_0002_s4,67,2026-09-21 23:06,25.9,26.57,BASE,BASE,0.19701333563729734,0.19701333563729734,-0.027808856131859537,-0.027808856131859537,,
RFM_0002_s4,68,2026-09-22 03:16,25.54,26.02,BASE,BASE,0.2069019825476442,0.2069019825476442,-0.0015536407999277018,-0.0015536407999277018,,
RFM_0003_s3,0,2026-09-11 22:15,26.4,27.67,BASE,BASE,-0.03868409942743506,-0.03868409942743506,-0.03676832641654651,-0.03676832641654651,,
RFM_0003_s3,1,2026-09-12 01:46,25.83,27.23,BASE,BASE,0.006725717377302722,0.006725717377302722,-0.021478365660135473,-0.021478365660135473,,
RFM_0003_s3,2,2026-09-12 03:54,25.41,26.75,SETTLING,SETTLING,0.03201081858344754,0.03201081858344754,0.003362900880143342,0.003362900880143342,,
RFM_0003_s3,4,2026-09-14 01:26,24.62,25.24,BASE,BASE,0.44760186268623847,0.44760186268623847,-0.3691781949553875,-0.3691781949553875,,
RFM_0003_s3,5,2026-09-14 02:52,24.28,25.06,BASE,BASE,0.457655246077007,0.457655246077007,-0.36595405332683073,-0.36595405332683073,,
RFM_0003_s3,6,2026-09-14 23:35,24.1,25.57,EVENT,EVENT,0.5250935678599654,0.5250935678599654,-0.3592241964127996,-0.3592241964127996,,
RFM_0003_s3,7,2026-09-15 00:14,23.81,25.07,BASE,BASE,0.5280965882099078,0.5280965882099078,-0.3516107224977431,-0.3516107224977431,,
RFM_0003_s3,8,2026-09-15 09:07,27.26,24.96,BASE,BASE,0.5585724537095016,0.5585724537095016,-0.3533904002874541,-0.3533904002874541,,
RFM_0003_s3,10,2026-09-15 11:42,30.23,26.34,SETTLING,SETTLING,0.5625946187639683,0.5625946187639683,-0.3421678802399162,-0.3421678802399162,,
RFM_0003_s3,12,2026-09-15 13:51,28.86,27.97,BASE,BASE,0.4917466156703532,0.4917466156703532,-0.40348744045987056,-0.40348744045987056,,
RFM_0003_s3,13,2026-09-15 18:13,26.08,27.69,BASE,BASE,0.5075982835315359,0.5075982835315359,-0.3927476986422944,-0.3927476986422944,,
RFM_0003_s3,14,2026-09-15 21:37,25.32,27.02,OK,OK,0.5343745278402559,0.5343745278402559,-0.4031330916579219,-0.4031330916579219,,
RFM_0003_s3,15,2026-09-15 23:00,25.31,26.63,OK,OK,0.541225311718703,0.541225311718703,-0.385766831931994,-0.385766831931994,,
RFM_0003_s3,16,2026-09-16 01:06,24.79,26.16,OK,OK,0.5291402452374111,0.5291402452374111,-0.3917569234359555,-0.3917569234359555,,
RFM_0003_s3,18,2026-09-16 03:15,24.7,25.75,OK,OK,0.5328387424949288,0.5328387424949288,-0.4035566098133401,-0.4035566098133401,,
RFM_0003_s3,23,2026-09-17 13:52,29.78,28.29,HIT,HIT,0.41810776683422474,0.41810776683422474,-1.9562849524783648,-1.9562849524783648,,
RFM_0003_s3,24,2026-09-17 15:57,29.51,28.64,SETTLING,SETTLING,0.41609129583307103,0.41609129583307103,-2.04701168677785,-2.04701168677785,,
RFM_0004_s2,0,2026-09-11 23:11,25.86,27.37,BASE,BASE,-0.0017009319087272494,-0.0017009319087272494,-0.02209835130229055,-0.02209835130229055,,
RFM_0004_s2,1,2026-09-14 01:11,24.43,25.31,BASE,BASE,0.270154895825528,0.270154895825528,-1.872610905138185,-1.872610905138185,,
RFM_0004_s2,2,2026-09-14 23:37,23.83,25.31,BASE,BASE,0.3325162000690637,0.3325162000690637,-2.3812001819211988,-2.3812001819211988,,
RFM_0004_s2,4,2026-09-15 05:07,24.0,24.79,BASE,BASE,0.32098084343582384,0.32098084343582384,-2.399185183597387,-2.399185183597387,,
RFM_0004_s2,5,2026-09-15 06:06,24.28,24.7,EVENT,EVENT,0.3343329492610353,0.3343329492610353,-2.4000065217108384,-2.4000065217108384,,
RFM_0004_s2,6,2026-09-15 06:49,24.87,24.69,UNARMED,UNARMED,0.33656752884681856,0.33656752884681856,-2.4086373712581155,-2.4086373712581155,,
RFM_0004_s2,7,2026-09-15 07:32,25.72,24.74,UNARMED,UNARMED,0.3362678036661525,0.3362678036661525,-2.4109318188728883,-2.4109318188728883,,
RFM_0004_s2,8,2026-09-15 08:57,27.35,25.05,UNARMED,UNARMED,0.35136794502332613,0.35136794502332613,-2.5454582916319075,-2.5454582916319075,,
RFM_0004_s2,9,2026-09-15 09:41,27.99,25.24,UNARMED,UNARMED,0.3333665443970604,0.3333665443970604,-2.5366343950513492,-2.5366343950513492,,
RFM_0004_s2,10,2026-09-15 10:28,28.92,25.49,UNARMED,UNARMED,0.2808266536776566,0.2808266536776566,-2.4991364218460768,-2.4991364218460768,,
RFM_0004_s2,11,2026-09-15 11:50,30.38,26.55,UNARMED,UNARMED,1.420912535218616,1.420912535218616,-2.1581437317006045,-2.1581437317006045,,
RFM_0004_s2,12,2026-09-15 13:56,29.59,27.31,UNARMED,UNARMED,0.40173031067670284,0.40173031067670284,-2.7302557394298574,-2.7302557394298574,,
RFM_0004_s2,13,2026-09-15 15:22,28.47,27.64,UNARMED,UNARMED,0.44781303947012585,0.44781303947012585,-2.736419588624045,-2.736419588624045,,
RFM_0004_s2,14,2026-09-15 17:31,27.24,27.69,UNARMED,UNARMED,0.4330203584105217,0.4330203584105217,-2.6069329812207704,-2.6069329812207704,,
RFM_0004_s2,15,2026-09-15 18:56,26.34,27.58,UNARMED,UNARMED,0.44635292333624693,0.44635292333624693,-2.615132694378919,-2.615132694378919,,
RFM_0004_s2,16,2026-09-15 19:39,25.44,27.13,UNARMED,UNARMED,0.4633669869640683,0.4633669869640683,-2.659702197784026,-2.659702197784026,,
RFM_0004_s2,17,2026-09-15 23:13,25.29,26.71,UNARMED,UNARMED,0.4791698404842502,0.4791698404842502,-2.6654726189833173,-2.6654726189833173,,
RFM_0004_s2,18,2026-09-15 23:56,24.99,26.52,UNARMED,UNARMED,0.4742524362126812,0.4742524362126812,-2.677437347891058,-2.677437347891058,,
RFM_0004_s2,19,2026-09-16 01:21,24.72,26.14,UNARMED,UNARMED,0.48366358254050107,0.48366358254050107,-2.690661443613001,-2.690661443613001,,
RFM_0004_s3,0,2026-09-17 17:59,27.67,28.47,BASE,BASE,0.026869055198998924,0.04946135511557734,-0.05617126901763128,-0.05617126901763128,,
RFM_0004_s3,1,2026-09-17 21:42,25.89,26.6,BASE,BASE,-0.030900304655494207,0.05571139847351389,-0.11149936180018302,-0.11149936180018302,,
RFM_0004_s3,2,2026-09-18 10:14,29.13,27.82,BASE,BASE,0.06517764599372003,-0.17699802911122225,1.3143764402375329,1.3143764402375329,,
RFM_0004_s3,3,2026-09-18 13:14,28.87,28.66,BASE,BASE,-0.10301480911796124,-0.2283594262240814,1.352612342379241,1.352612342379241,,
RFM_0004_s3,4,2026-09-18 13:57,27.21,27.75,DRIFT,DRIFT,0.12377659217184152,0.14044481658440996,2.30283459909989,2.30283459909989,,
RFM_0004_s3,5,2026-09-18 22:31,25.24,25.7,DRIFT,DRIFT,0.07909676640809325,0.16789772911093312,2.3872504332600712,2.3872504332600712,,
RFM_0004_s3,6,2026-09-19 09:33,27.44,27.58,DRIFT,DRIFT,-0.8453858132426841,-0.8772226382530685,3.1909387569457985,3.1909387569457985,,
RFM_0004_s3,7,2026-09-21 11:28,30.15,30.0,OK,OK,-0.46175588073821466,-0.6334030250747996,2.233276837882598,2.233276837882598,,
RFM_0004_s3,8,2026-09-21 17:20,27.72,29.0,OK,OK,-1.4033158951060083,-1.337332568434645,0.89047303078023,0.89047303078023,,
RFM_0004_s3,9,2026-09-21 18:03,26.84,28.04,OK,OK,-1.3872645716927408,-1.2913610409101994,0.9649979173957025,0.9649979173957025,,
RFM_0004_s3,10,2026-09-21 20:11,26.1,26.54,OK,OK,-1.415530188842009,-1.3631635299102902,0.9612788419792608,0.9612788419792608,,
RFM_0004_s4,0,2026-09-23 10:48,30.25,30.29,UNARMED,UNARMED,-0.020320173463642243,-0.020320173463642243,-0.02025120116260328,-0.02025120116260328,,
RFM_0005_s4,0,2026-09-23 10:00,30.36,30.17,UNARMED,UNARMED,-0.14541404647281067,-0.14541404647281067,-1.1767297707064337,-1.1767297707064337,,
RFM_0005_s4,1,2026-09-23 12:54,30.52,30.57,UNARMED,UNARMED,0.05774212543142672,0.05774212543142672,0.10726638023969098,0.10726638023969098,,
D001_LC_B,0,2026-08-31 12:05,,,BASE,BASE,,,,,0.0,0.0
D001_LC_B,1,2026-08-31 12:22,,,SETTLING,SETTLING,,,,,0.25,0.25
D001_LC_B,2,2026-09-01 10:05,28.31,28.21,SETTLING,SETTLING,,,,,0.0,0.0
D001_LC_B,3,2026-09-03 12:54,29.62,29.42,SETTLING,SETTLING,,,,,0.0,0.0
D001_LC_B,4,2026-09-07 10:58,28.93,28.88,BASE,BASE,,,,,0.0,0.0
D001_LC_B,5,2026-09-07 17:54,27.42,27.71,BASE,BASE,,,,,0.0,0.0
D001_LC_B,6,2026-09-08 10:00,28.15,27.85,BASE,BASE,,,,,0.0,0.0
D001_LC_B,7,2026-09-08 15:44,29.03,29.14,SETTLING,SETTLING,,,,,0.0,0.0
D012_LC_A,0,2026-09-08 15:14,29.28,29.35,UNARMED,UNARMED,,,,,0.0,0.0
D012_LC_A,1,2026-09-15 12:22,30.44,30.4,UNARMED,UNARMED,,,,,0.0,0.0
D012_LC_B,0,2026-09-08 15:14,29.28,29.35,UNARMED,UNARMED,,,,,0.0,0.0
D012_LC_B,1,2026-09-15 12:22,30.44,30.4,UNARMED,UNARMED,,,,,0.0,0.0
RFL_01_tilt_s7,0,2026-09-09 18:37,26.77,26.76,UNARMED,UNARMED,-0.02817885834818175,-0.02817885834818175,-0.02577449083045214,-0.02577449083045214,,
RFL_01_tilt_s7,1,2026-09-11 10:42,30.01,30.0,UNARMED,UNARMED,0.9224631912257029,0.9224631912257029,0.34097180986426723,0.34097180986426723,,
RFL_01_LC_A,0,2026-08-27 17:04,,,SETTLING,SETTLING,,,,,0.07,0.07
RFL_01_LC_A,1,2026-08-27 17:12,,,BASE,BASE,,,,,0.125,0.125
RFL_01_LC_A,2,2026-08-27 17:27,,,BASE,BASE,,,,,0.0,0.0
RFL_01_LC_A,3,2026-08-28 10:04,,,SETTLING,SETTLING,,,,,0.03,0.03
RFL_01_LC_A,4,2026-08-28 10:32,,,BASE,BASE,,,,,0.005,0.005
RFL_01_LC_A,6,2026-08-28 14:15,,,SETTLING,SETTLING,,,,,0.06,0.06
RFL_01_LC_A,7,2026-08-28 14:48,,,BASE,BASE,,,,,0.0525,0.0525
RFL_01_LC_A,8,2026-08-28 15:42,,,SETTLING,SETTLING,,,,,0.01,0.01
RFL_01_LC_A,9,2026-08-28 15:47,,,OK,OK,,,,,0.05,0.05
RFL_01_LC_A,10,2026-08-28 17:07,,,OK,OK,,,,,0.11,0.11
RFL_01_LC_A,11,2026-08-31 10:18,,,SETTLING,SETTLING,,,,,0.66,0.66
RFL_01_LC_A,12,2026-08-31 11:07,,,SETTLING,SETTLING,,,,,0.0,0.0
RFL_01_LC_A,13,2026-08-31 12:33,,,OK,OK,,,,,1.2799999999999998,1.2799999999999998
RFL_01_LC_A,14,2026-09-01 10:07,29.23,29.09,EVENT,EVENT,,,,,0.0,0.0
RFL_01_LC_A,15,2026-09-02 11:07,27.91,27.62,BASE,BASE,,,,,0.1,0.1
RFL_01_LC_A,16,2026-09-02 11:44,27.35,27.46,BASE,BASE,,,,,0.0,0.0
RFL_01_LC_A,17,2026-09-02 12:05,27.34,27.5,SETTLING,SETTLING,,,,,0.0,0.0
RFL_01_LC_A,18,2026-09-02 12:17,27.66,27.69,BASE,BASE,,,,,0.1575,0.1575
RFL_01_LC_A,19,2026-09-03 12:03,29.02,28.76,BASE,BASE,,,,,0.0,0.0
RFL_01_LC_A,20,2026-09-03 12:16,29.12,28.87,SETTLING,SETTLING,,,,,0.0,0.0
RFL_01_LC_A,21,2026-09-03 12:22,29.24,28.99,OK,OK,,,,,0.0,0.0
RFL_01_LC_A,22,2026-09-03 13:07,29.68,29.62,OK,OK,,,,,0.0,0.0
RFL_01_LC_A,23,2026-09-03 14:28,28.88,28.99,OK,OK,,,,,0.0,0.0
RFL_01_LC_A,24,2026-09-05 10:01,27.59,27.35,SETTLING,SETTLING,,,,,0.0,0.0
RFL_01_LC_A,25,2026-09-05 10:31,27.61,27.57,OK,OK,,,,,0.0,0.0
RFL_01_LC_A,26,2026-09-07 10:48,28.65,28.52,OK,OK,,,,,0.0,0.0
RFL_01_LC_A,27,2026-09-07 13:57,29.12,29.18,OK,OK,,,,,0.0,0.0
RFL_01_LC_A,28,2026-09-07 14:11,29.14,29.19,SETTLING,SETTLING,,,,,0.0,0.0
RFL_01_LC_A,29,2026-09-07 14:35,29.22,29.22,SETTLING,SETTLING,,,,,0.0,0.0
RFL_01_LC_A,30,2026-09-09 10:38,29.07,28.81,SETTLING,SETTLING,,,,,0.0,0.0
RFL_01_LC_A,31,2026-09-09 10:52,29.35,29.07,SETTLING,SETTLING,,,,,0.0,0.0
RFL_01_LC_A,32,2026-09-09 11:38,29.63,29.49,SETTLING,SETTLING,,,,,0.0,0.0
RFL_01_LC_A,33,2026-09-09 11:53,29.69,29.61,OK,OK,,,,,0.0,0.0
RFL_01_LC_A,34,2026-09-09 12:18,29.67,29.64,OK,OK,,,,,1.6175,1.6175
RFL_01_LC_A,35,2026-09-09 12:30,29.65,29.63,SETTLING,SETTLING,,,,,0.0,0.0
RFL_01_LC_A,36,2026-09-09 12:35,29.63,29.63,HIT,HIT,,,,,2.1799999999999997,2.1799999999999997
RFL_01_LC_A,37,2026-09-09 12:56,27.15,27.16,OK,OK,,,,,0.0,0.0
RFL_01_LC_A,38,2026-09-11 10:42,29.99,29.97,OK,OK,,,,,0.0,0.0
RFL_01_LC_A,39,2026-09-18 10:26,27.9,27.75,SETTLING,SETTLING,,,,,0.0,0.0
RFL_01_LC_A,40,2026-09-18 10:44,28.71,28.29,SETTLING,SETTLING,,,,,0.0,0.0
RFL_01_LC_B,0,2026-08-27 17:04,,,SETTLING,SETTLING,,,,,0.0,0.0
RFL_01_LC_B,1,2026-08-27 17:12,,,BASE,BASE,,,,,0.0,0.0
RFL_01_LC_B,2,2026-08-27 17:27,,,BASE,BASE,,,,,0.01,0.01
RFL_01_LC_B,3,2026-08-28 10:04,,,SETTLING,SETTLING,,,,,0.005,0.005
RFL_01_LC_B,4,2026-08-28 10:32,,,BASE,BASE,,,,,0.91,0.91
RFL_01_LC_B,6,2026-08-28 14:15,,,SETTLING,SETTLING,,,,,0.0,0.0
RFL_01_LC_B,7,2026-08-28 14:48,,,BASE,BASE,,,,,0.0,0.0
RFL_01_LC_B,8,2026-08-28 15:42,,,SETTLING,SETTLING,,,,,0.0,0.0
RFL_01_LC_B,9,2026-08-28 15:47,,,OK,OK,,,,,0.0,0.0
RFL_01_LC_B,10,2026-08-28 17:07,,,OK,OK,,,,,0.0,0.0
RFL_01_LC_B,11,2026-08-31 10:18,,,SETTLING,SETTLING,,,,,0.05,0.05
RFL_01_LC_B,12,2026-08-31 11:07,,,SETTLING,SETTLING,,,,,0.04,0.04
RFL_01_LC_B,13,2026-08-31 12:33,,,OK,OK,,,,,0.0,0.0
RFL_01_LC_B,14,2026-09-01 10:07,29.23,27.29,OK,OK,,,,,3.64,3.64
RFL_01_LC_B,15,2026-09-02 11:07,27.91,25.99,OK,OK,,,,,0.0,0.0
RFL_01_LC_B,16,2026-09-02 11:44,27.35,26.29,OK,OK,,,,,0.045,0.045
RFL_01_LC_B,17,2026-09-02 12:05,27.34,26.42,SETTLING,SETTLING,,,,,0.0,0.0
RFL_01_LC_B,18,2026-09-02 12:17,27.66,26.52,HIT,HIT,,,,,5.9325,5.9325
RFL_01_LC_B,19,2026-09-03 12:03,29.02,26.97,OK,OK,,,,,0.0,0.0
RFL_01_LC_B,20,2026-09-03 12:16,29.12,27.06,SETTLING,SETTLING,,,,,0.0,0.0
RFL_01_LC_B,21,2026-09-03 12:22,29.24,27.16,OK,OK,,,,,0.0,0.0
RFL_01_LC_B,22,2026-09-03 13:07,29.68,28.0,OK,OK,,,,,0.0,0.0
RFL_01_LC_B,23,2026-09-03 14:28,28.88,28.68,OK,OK,,,,,0.0,0.0
RFL_01_LC_B,24,2026-09-05 10:01,27.59,25.72,SETTLING,SETTLING,,,,,24.445,24.445
RFL_01_LC_B,25,2026-09-05 10:31,27.61,26.4,HIT,HIT,,,,,22.29,22.29
RFL_01_LC_B,26,2026-09-07 10:48,28.65,27.01,OK,OK,,,,,0.0,0.0
RFL_01_LC_B,27,2026-09-07 13:57,29.12,27.99,OK,OK,,,,,0.0,0.0
RFL_01_LC_B,28,2026-09-07 14:11,29.14,28.05,SETTLING,SETTLING,,,,,0.0,0.0
RFL_01_LC_B,29,2026-09-07 14:35,29.22,28.19,SETTLING,SETTLING,,,,,0.0,0.0
RFL_01_LC_B,30,2026-09-09 10:38,29.07,26.71,SETTLING,SETTLING,,,,,0.0,0.0
RFL_01_LC_B,31,2026-09-09 10:52,29.35,26.9,SETTLING,SETTLING,,,,,0.0,0.0
RFL_01_LC_B,32,2026-09-09 11:38,29.63,27.47,SETTLING,SETTLING,,,,,0.0,0.0
RFL_01_LC_B,33,2026-09-09 11:53,29.69,27.68,OK,OK,,,,,0.0,0.0
RFL_01_LC_B,34,2026-09-09 12:18,29.67,27.92,OK,OK,,,,,0.0,0.0
RFL_01_LC_B,35,2026-09-09 12:30,29.65,28.01,SETTLING,SETTLING,,,,,0.0,0.0
RFL_01_LC_B,36,2026-09-09 12:35,29.63,28.1,HIT,HIT,,,,,35.56,35.56
RFL_01_LC_B,37,2026-09-09 12:56,27.15,27.1,OK,OK,,,,,4.5024999999999995,4.5024999999999995
RFL_01_LC_B,38,2026-09-11 10:42,29.99,28.67,OK,OK,,,,,1.625,1.625
RFL_01_LC_B,39,2026-09-18 10:26,27.9,26.69,SETTLING,SETTLING,,,,,0.0,0.0
RFL_01_LC_B,40,2026-09-18 10:44,28.71,26.83,SETTLING,SETTLING,,,,,0.0,0.0
