series,when_IST,raw_state,temp_free_state,verdict,temp_c,d_struct_temp_c,observed_shift,temp_free_shift,temp_share_pct,pred_from_temp
RFM_0001_s14,2026-09-15 11:45,DRIFT,DRIFT,NOT_TEMP,30.4,4.36,0.925,0.925,0,0.0
RFM_0001_s14,2026-09-15 12:23,EVENT,EVENT,NOT_TEMP,30.5,3.09,2.135,2.135,0,0.0
RFM_0002_s4,2026-09-15 08:52,EVENT,EVENT,NOT_TEMP,27.2,0.56,0.191,0.191,0,0.0
RFM_0002_s4,2026-09-17 14:23,EVENT,EVENT,NOT_TEMP,29.7,0.34,0.686,0.686,0,0.0
RFM_0002_s4,2026-09-21 15:15,EVENT,EVENT,NOT_TEMP,29.0,2.23,0.189,0.189,0,0.0
RFM_0003_s3,2026-09-14 23:35,EVENT,EVENT,NOT_TEMP,24.1,-1.17,0.337,0.337,0,0.0
RFM_0004_s2,2026-09-15 06:06,EVENT,EVENT,NOT_TEMP,24.3,-0.61,0.276,0.276,0,0.0
RFM_0004_s3,2026-09-18 13:57,DRIFT,DRIFT,NOT_TEMP,27.2,-0.39,1.678,1.686,0,0.057
RFM_0004_s3,2026-09-18 22:31,DRIFT,DRIFT,NOT_TEMP,25.2,-2.12,0.205,0.282,0,0.075
RFM_0004_s3,2026-09-19 09:33,DRIFT,DRIFT,NOT_TEMP,27.4,-0.2,0.963,1.039,0,0.041
RFL_01_LC_A,2026-09-01 10:07,EVENT,EVENT,NOT_TEMP (no temperature data),29.2,,0.837,0.837,0,
