,dev_u,dev_v,slope_u,slope_v,norm,acc_std_max,n,session,maha,flag_maha,cusum,flag_cusum,flag_sensor,votes,status,split
2026-09-11 10:45:42.886662+00:00,-0.009232944767262871,-0.07532700438867604,-0.6751656401884624,-0.37897315914840224,9.485237805188847,0.01355261854357888,28,4,1.7711906137737725,False,0.0,False,False,0,OK,train
2026-09-11 10:50:44.878913+00:00,-0.02001101226057043,-0.06365241593338247,-1.316344410205227,-0.045880297895915516,9.478376327336168,0.016575584454251047,20,4,3.335442215825963,False,0.0,False,False,0,OK,train
2026-09-11 10:55:47.046848+00:00,-0.06256328165048015,-0.05040988793766154,-1.0840711548699498,-0.40340209754403267,9.48123139112741,0.015947831618541138,30,4,2.667922745451964,False,0.0,False,False,0,OK,train
2026-09-11 11:00:48.572942+00:00,-0.09921661823921418,-0.01771040904784222,-0.2554639643841732,0.018855009775773587,9.484882363549037,0.01318851393686288,27,4,1.4000604474581744,False,0.0,False,False,0,OK,train
2026-09-11 11:10:43.827238+00:00,-0.12793569276439778,0.02888159147180562,-0.04602266233990277,0.25064961152962273,9.479893422979487,0.012998461447417868,25,4,2.5248907920428802,False,0.13607735539160104,False,False,0,OK,train
2026-09-11 11:15:46.218698+00:00,-0.14624484200937804,0.004362272408388365,0.27085072901631324,0.17778474071755523,9.48240264504084,0.0161742741060348,28,4,2.0860957644857026,False,0.04617131256669027,False,False,0,OK,train
2026-09-11 11:20:58.029038+00:00,-0.14478417631130192,0.020636421573746355,-0.95428373586454,-0.25854932260347935,9.478302106220243,0.0164580683638371,29,4,2.9757413117934397,False,0.058369714817869456,False,False,0,OK,train
2026-09-11 11:25:50.199331+00:00,-0.15833666652798403,0.030038728124849447,0.13463767950651215,-0.5609154398285067,9.47853283704943,0.015169114701139855,28,4,2.7666933777607357,False,0.11754114514556357,False,False,0,OK,train
2026-09-11 11:31:02.298552+00:00,-0.15328281991865692,0.04475829849355758,-1.3527922947204334,0.04173225504012491,9.483167069476437,0.01223586719953938,23,4,2.54748415002794,False,0.26088830622510495,False,False,0,OK,train
2026-09-11 11:40:45.289465+00:00,-0.16790618426711648,0.08210131524258014,-0.29929533043242423,-0.40168149679624743,9.476341180615394,0.01765720418141398,22,4,3.3955570151810757,False,0.6536287218550447,False,False,0,OK,train
2026-09-11 11:45:49.602418+00:00,-0.22249600463950517,0.07773492297683647,0.30894958395465233,0.8465112085115652,9.48264381359443,0.01239925387265876,21,4,2.846191661469649,False,0.9832512870919907,False,False,0,OK,train
2026-09-11 11:50:43.108984+00:00,-0.19382243833709054,0.08922591932376343,0.05179204231482767,-0.1577080661504569,9.482360579598762,0.014846149779162047,21,4,1.6919968248478232,False,1.377436854108418,False,False,0,OK,train
2026-09-11 12:10:50.206374+00:00,-0.18728262699637363,0.11047120128722805,-0.573961207567149,-0.4544977910748369,9.483827630277888,0.01197034773733584,23,4,2.385970050275271,False,1.833259170309438,False,False,0,OK,train
2026-09-11 12:21:12.492884+00:00,-0.39877065997629674,0.079801313359574,-0.490236513611086,0.40272772006270635,9.484922160069187,0.012767792641080255,22,5,2.0552827398438303,False,1.98410716229,False,False,0,OK,train
2026-09-11 12:41:30.967565+00:00,-0.4116009061835789,0.11789885804915241,-0.25787045865391967,-0.5103006893289788,9.483764259673022,0.016209565077447453,20,5,1.9181856612210846,False,2.3386592085176203,False,False,0,OK,train
2026-09-11 13:46:09.828481+00:00,-0.5033330726976641,0.1601181101532896,0.9098750508368678,-0.3088811921732229,9.48113526329615,0.02147091055358419,20,6,3.8006901680820766,True,2.7391827830836695,False,False,1,OK,train
2026-09-11 14:28:58.138041+00:00,-0.5409248031513573,0.18752954359386192,-0.48390249801652413,-0.09631421320521726,9.494229095504489,0.01734013472003148,21,7,2.7564366257993163,False,3.252676394382511,False,False,0,OK,train
2026-09-11 15:04:15.992721+00:00,-0.5669354916192583,0.1986980659128983,-1.0675332108651951,0.4040707532850108,9.486373199841074,0.012307474269828755,21,7,2.449155080623674,False,4.227597635033421,False,False,0,OK,train
2026-09-11 15:17:23.458873+00:00,-0.5288898173743848,0.23614837487342338,0.8643335286641266,-1.123482375190623,9.487856899538103,0.01812028341946716,21,8,3.119816633614914,False,5.002513750757674,False,False,0,OK,train
2026-09-11 15:27:31.748120+00:00,-0.5508263668667318,0.22390678956297214,0.19668346237312173,-0.25315529866854986,9.491582807414634,0.014106735979665885,20,8,1.623677016216421,False,5.875607160228523,False,False,0,OK,train
2026-09-11 15:32:15.067868+00:00,-0.5335126291385248,0.22683149343898953,0.8041180997471268,0.42171659699905395,9.489391636749012,0.01410673597966598,20,8,2.0909279472537325,False,6.66172338406849,False,False,0,OK,train
2026-09-11 16:02:12.102155+00:00,-0.5185160761427211,0.24191714086140143,1.4365500601693135,0.7163358301856764,9.488220946648545,0.014770978917520054,22,8,3.103519363003504,False,7.373740805358434,False,False,0,OK,train
2026-09-11 16:17:13.447826+00:00,-0.5045657583103216,0.23941609142762194,0.6656899707645263,-0.5311732566402039,9.496282016728786,0.01402477147321942,22,8,2.4810617889229376,False,8.02797362959171,False,False,0,OK,train
2026-09-11 16:22:08.858620+00:00,-0.495546521063163,0.2390624070086444,0.6550943781042519,-0.6533128266902086,9.493998971591015,0.016552945357246687,20,8,2.4423390771286875,False,8.64330301408025,False,False,0,OK,train
2026-09-11 16:42:09.821919+00:00,-0.5172348335522989,0.2445013984117329,0.10661193518042808,-0.19318049486643424,9.491132172381105,0.015937159582421256,24,8,1.5981600771126485,False,9.39105091979105,False,False,0,OK,train
2026-09-11 16:47:14.167766+00:00,-0.5276322567670588,0.26576073356046975,0.7016388631920432,-0.5901298796468668,9.49526448049544,0.011954545291189068,23,8,2.8707986400971985,False,10.197962450604495,False,False,0,OK,train
2026-09-11 17:07:34.161789+00:00,-0.524918694594465,0.2420793447756794,-0.34561953209624363,0.37621965763990706,9.49329587482755,0.015000000000000084,22,8,2.0496591689685917,False,11.03409199380185,False,False,0,OK,train
2026-09-11 17:27:11.368123+00:00,-0.4735989248887429,0.2621732163076809,0.0923874569330196,-0.08474408578178803,9.493174510240491,0.012576156893988687,24,8,1.8235232704763615,False,11.675393517168544,False,False,0,OK,train
2026-09-11 17:37:12.067071+00:00,-0.4902236810683705,0.23938305344464442,-0.5979115309839232,-0.6679797304930747,9.489193115435969,0.013063679505492405,24,8,2.1759295294192573,False,12.428768058036493,False,False,0,OK,train
2026-09-11 17:42:22.223296+00:00,-0.5022637142614046,0.25710360084462947,0.004936762563090806,0.6703507741847612,9.49205285002904,0.015937377450509344,20,8,2.4768556107907598,False,13.257318007841636,False,False,0,OK,train
2026-09-11 17:57:12.289936+00:00,-0.4917081815486684,0.24190020935453688,-0.6265558287409999,-0.19239010823986494,9.48794972210947,0.012609520212918484,20,8,1.8999409125459754,False,14.08901049615983,False,False,0,OK,train
2026-09-11 18:17:17.269306+00:00,-0.4496950834647824,0.24791443291446788,0.009720674257217211,-0.18345084040812462,9.487017409194749,0.013592277219068409,20,8,1.5456442997670494,False,14.798571347195672,False,False,0,OK,train
2026-09-11 18:22:15.027362+00:00,-0.4669865189372439,0.2721333124025796,0.9195218739888673,-0.21867475439815356,9.489177510622957,0.014239030865898169,20,8,1.989510100082826,False,15.614059088397003,False,False,0,OK,train
2026-09-11 18:27:15.908616+00:00,-0.45558934514351324,0.26562472550059363,0.23999147199450763,0.16764306373816454,9.491052786963014,0.014922610697157014,23,8,1.6332571615068914,False,16.396879125426885,False,False,0,OK,train
2026-09-11 18:32:13.564837+00:00,-0.48906522207662056,0.2677308348315939,-0.11615870224798902,0.005121502595328989,9.486469503767879,0.012065580437447753,21,8,2.2184655023121898,False,17.454208719545026,False,False,0,OK,train
2026-09-11 18:37:16.257659+00:00,-0.4589255129228427,0.2637781288914995,-0.4168811297344455,0.016918449532791185,9.485780214092602,0.012331509060227725,22,8,2.196753958399803,False,18.511787661071764,False,False,0,OK,train
2026-09-11 18:47:39.782348+00:00,-0.4632773928421381,0.2831099616741995,-0.4129138347191199,0.4153851759217398,9.488991189418034,0.01289660087191911,22,8,2.1063359672726407,False,19.755081650015622,True,False,1,OK,train
2026-09-11 18:52:08.926507+00:00,-0.45740339807429936,0.2870759021620431,-0.6984385568773672,-0.8712742865561979,9.482552082088846,0.016278820596099933,20,8,3.2425746623620393,False,21.046214378964198,True,False,1,WATCH,train
2026-09-11 19:02:20.250338+00:00,-0.48286866192922384,0.26221225849151597,0.28082876874800433,0.2231512996432122,9.495477369673726,0.017969487870584062,21,8,2.8614483029918203,False,22.170926932651824,True,False,1,WATCH,train
2026-09-11 19:07:16.984335+00:00,-0.4611468979095094,0.2995004850347082,0.23176511105179146,0.21059904428196904,9.491889165413093,0.014982983545288027,21,8,2.0376342323422225,False,23.612957158780578,True,False,1,WATCH,train
2026-09-11 19:17:15.731895+00:00,-0.4448807494664983,0.2782673412882838,0.1599889081338767,0.08795862017384391,9.491952825040478,0.011608186766243651,20,8,2.3595526132318074,False,24.920813300123672,True,False,1,WATCH,train
2026-09-11 19:47:10.609794+00:00,-0.476210639706022,0.27511956078443284,-0.625664873137425,-1.084870312213472,9.498694893107775,0.016762808104168872,22,8,3.7234464484927443,True,26.324400066398738,True,False,2,WATCH,train
2026-09-11 20:02:16.959457+00:00,-0.4468109098408586,0.2880159368080845,-1.1697581234999812,-0.1930693527889408,9.491752092347971,0.012901159222994323,21,8,2.69089528165367,False,27.8981360325552,True,False,1,WATCH,train
2026-09-11 20:16:33.240125+00:00,-0.4223058160908115,0.2805439801195391,1.4833745249148567,0.3340051553842436,9.495871763477869,0.014861620658428762,22,9,3.193080795358633,False,29.47706984228045,True,False,1,WATCH,train
2026-09-11 20:21:35.939644+00:00,-0.4395488528793243,0.268265156295165,-0.04994955953188353,0.040539638142169834,9.491750973921125,0.013457206556993177,23,9,2.0176315126407376,False,30.981304013283296,True,False,1,WATCH,train
2026-09-11 20:26:37.429828+00:00,-0.4158034819311503,0.28402666421597267,-0.6998481547059476,1.1887498845130686,9.491941863765186,0.011747179205309736,23,9,3.6738416472441955,True,32.636641281730775,True,False,2,WATCH,train
2026-09-11 22:24:42.434502+00:00,-0.39702205758104314,0.30538664033995655,0.5738548322968046,-0.7632551392984401,9.490451632461243,0.01620956507744711,20,10,3.4886597990546333,True,35.11178199344823,True,False,2,ALARM,train
2026-09-13 19:56:57.531438+00:00,0.0047212139855928315,-0.08726657238460922,0.14574739002761486,-0.08097745318017381,9.491445075818316,0.016217784340828496,22,12,1.7887334792358403,False,33.64118506596365,True,False,1,WATCH,train
2026-09-13 20:02:01.872341+00:00,0.017486551700223146,-0.054068936272121816,0.022350955720603215,-0.05722340486293751,9.499215095937451,0.014208812729015832,23,12,1.3861889459266985,False,32.464531091555045,True,False,1,WATCH,train
2026-09-13 20:07:05.271058+00:00,0.0019196647738252484,-0.05675347567770903,0.46296486539185805,-0.2500111483953081,9.499953667554239,0.016024070435857667,24,12,1.878575712302734,False,31.289258645442917,True,False,1,WATCH,train
2026-09-13 20:12:05.751782+00:00,0.03545946896812278,-0.059462279601683966,0.5800697272254968,-1.191847091482505,9.496744599693281,0.016996731711975754,21,12,2.8702626877856416,False,30.11556041852195,True,False,1,WATCH,train
2026-09-13 20:16:57.591008+00:00,0.019685762511101896,-0.08697549173322643,0.49355232866506243,0.6772556702541992,9.495414686017192,0.013613617392610864,22,12,2.269096115685283,False,28.739608064342985,True,False,1,WATCH,train
2026-09-13 20:42:06.351074+00:00,0.022573626304946488,-0.07479642589950715,-0.17982115336492815,-0.30904422572162593,9.493548697433921,0.018027756377319973,24,12,2.075900179717818,False,27.590250084418948,True,False,1,WATCH,train
2026-09-13 21:22:15.959056+00:00,0.022167841613976228,-0.07888555286705737,0.7429711145521827,-0.6167310469395791,9.495155976844535,0.012224565431948642,25,13,2.4188603864555596,False,26.621522635935076,True,False,1,WATCH,train
2026-09-13 21:32:26.338881+00:00,0.04531704232085712,-0.05964624053678772,-1.3620843721186457,0.44445719837605885,9.493827068662322,0.018567444627627036,20,13,3.112965344495095,False,25.863164110195182,True,False,1,WATCH,train
2026-09-13 21:57:21.804905+00:00,0.013395344830624972,-0.0654006803317004,-1.9969582720018582,-0.24882953463308105,9.498117922015982,0.014991664350564631,20,13,3.026847716781841,False,25.20063207769327,True,False,1,WATCH,train
2026-09-13 22:07:27.191715+00:00,0.03511056417593929,-0.062410459083067034,0.478249298561241,0.9897439565661467,9.495796768132164,0.01874763779526611,21,13,3.5501364264498334,True,24.857916181091642,True,False,2,WATCH,train
2026-09-14 18:05:31.439563+00:00,0.062243918272814475,-0.051632557796067236,-1.0015433464113097,0.23036314665850935,9.490887374285972,0.01296052493580297,22,15,2.1518364015576577,False,23.059669216174452,True,False,1,WATCH,train
2026-09-14 18:10:40.459190+00:00,0.07399561655816578,-0.07507962160326904,-0.57074782590814,0.20824376805237566,9.488931750925197,0.013616778865306833,24,15,2.048385819032359,False,21.322202830993,True,False,1,WATCH,train
2026-09-14 18:15:32.311115+00:00,0.10851223257753796,-0.05716932190234265,0.5779816102170188,0.7864052014569187,9.489595918320537,0.014345212580054095,22,15,2.859169092521666,False,19.740551078337454,True,False,1,WATCH,train
2026-09-14 18:20:38.389836+00:00,0.08251681338389706,-0.05478828366547522,-0.36607346699105814,0.1497056609154818,9.497615125713725,0.013367805536140304,26,15,1.959388803037406,False,18.190437047702442,False,False,0,OK,train
2026-09-14 18:25:40.370482+00:00,0.09607590767245561,-0.054891897816542246,-0.1514501780671492,0.11946015052896797,9.49634697286324,0.014920895954823548,26,15,1.7906568307828856,False,16.652457637664586,False,False,0,OK,train
2026-09-14 18:30:40.091201+00:00,0.10386596443150482,-0.07109353949649619,-0.5009100762744304,0.423171043830689,9.494746494037397,0.014998110236212833,21,15,2.072092648135851,False,14.997750941952024,False,False,0,OK,train
2026-09-14 18:35:52.141436+00:00,0.10206340793791818,-0.07695782414419863,0.37216182350229515,-0.981509186259916,9.498291940570722,0.01224035901797339,24,15,3.1334118885334417,False,13.309991233972188,False,False,0,OK,train
2026-09-14 18:44:53.606875+00:00,0.08615396124543269,-0.0527376865521792,-0.34526701456487313,0.3328806567168227,9.497413290846922,0.015475986974648984,27,16,2.0876258556919747,False,11.8437291022998,False,False,0,OK,train
2026-09-14 18:50:00.396463+00:00,0.10746966362639652,-0.048596457210391845,-0.9117822936201297,0.04213355553505094,9.495048653897427,0.011650914198160023,22,16,2.4166683092661567,False,10.429584129107345,False,False,0,OK,train
2026-09-14 18:54:58.792682+00:00,0.06062249409195717,-0.047076111090791996,0.4283776165428072,-0.7941771336132094,9.494422240739668,0.01393810723639798,24,16,2.1318950792341975,False,9.040637379533557,False,False,0,OK,train
2026-09-14 19:00:00.891587+00:00,0.09360735902328399,-0.0646371046277566,-0.08104337225503666,-0.1466467923289951,9.491712403698877,0.014783774890061026,25,16,1.4984243461423743,False,9.170685115285925,False,False,0,OK,train
2026-09-14 19:05:03.875925+00:00,0.10662555638267396,-0.041148892983717794,-0.6210011538014738,0.3806380041055848,9.492766508774377,0.013867504905630582,26,16,1.8005839802396166,False,9.925021481305992,False,False,0,OK,train
2026-09-14 19:10:02.790519+00:00,0.11850181469816753,-0.045195389619449876,-0.8570550567646019,1.2443349090357023,9.495536193625217,0.011741740958036153,21,16,3.4508830380079347,False,10.709537586455722,False,False,0,OK,train
2026-09-14 19:30:02.318028+00:00,0.10553554751735275,-0.05969949294231238,0.5120079771179233,-0.5852389375503735,9.493168002316509,0.016142699114270524,28,16,1.9925676456381938,False,11.316474448456198,False,False,0,OK,train
2026-09-14 19:40:03.319752+00:00,0.08872744330612314,-0.03941476360542509,0.43868027599446846,0.015105206557538498,9.495835387617683,0.014571423708371117,24,16,1.3325565287773133,False,11.78179286231265,False,False,0,OK,train
2026-09-14 19:44:55.148075+00:00,0.08143526964254885,-0.057411482026089936,-0.5875442872034918,0.2209702223264611,9.491406014120633,0.016169106345126093,25,16,1.881846722920078,False,12.1872298827676,False,False,0,OK,train
2026-09-14 19:49:58.066432+00:00,0.08380394642758966,-0.05376459219801143,0.9381912273581187,-0.48860529613872916,9.49147993770676,0.013883443376914707,20,16,2.1569525340862974,False,12.573176104234083,False,False,0,OK,train
2026-09-14 19:55:00.746760+00:00,0.08231370097545972,-0.02846516639419074,-0.4230119004945243,0.2949610599966029,9.492213007576119,0.013094570021973114,27,16,1.5135670498608444,False,12.914195413447032,False,False,0,OK,train
2026-09-14 20:10:24.202483+00:00,0.08760658764766782,-0.04325478266736406,0.5686680022144572,-0.2784093800357919,9.492937640782245,0.015293276219327927,22,16,1.467699318031858,False,13.18436979287267,False,False,0,OK,train
2026-09-14 20:20:17.918650+00:00,0.08393185123165763,-0.05955888711518368,0.6146501894994887,-0.3240460555727651,9.495376204305794,0.013768411709333956,21,16,1.4409123611669459,False,13.370702336261557,False,False,0,OK,train
2026-09-14 20:24:59.422888+00:00,0.08585648891094795,-0.056751999877889925,-0.5489223158423575,0.2101539779477337,9.496157161127002,0.013704375846983034,22,16,1.2668638854573357,False,13.539632233621383,False,False,0,OK,train
2026-09-14 20:35:05.024041+00:00,0.10348940479846391,-0.059479904149769336,1.0109390089117312,0.2158330262417178,9.49718110905773,0.014393865528040615,23,16,1.8977559881447454,False,13.71967730938384,False,False,0,OK,train
2026-09-14 20:44:55.158324+00:00,0.09234291033055711,-0.03662955823944597,-0.8179329134863081,0.6115447925280937,9.49478751805065,0.01815778663327373,21,16,2.8446053814841514,False,13.783826725222985,False,False,0,OK,train
2026-09-14 20:54:56.675493+00:00,0.09926530210635175,-0.05935832499877848,-0.11592433366270388,0.13394854764584108,9.498582237272474,0.01399708424447522,21,16,1.063661834429011,False,13.812068362025656,False,False,0,OK,train
2026-09-14 21:00:07.458098+00:00,0.09482177709868735,-0.05225047726014653,0.3142288896043421,-0.3200919897667681,9.49121765302647,0.014624940645653367,24,16,1.4757732403879251,False,13.776686551252334,False,False,0,OK,train
2026-09-14 21:05:02.793357+00:00,0.10858233395098064,-0.05968850715423217,-0.8647653274988504,-0.5882848927525861,9.493181981255347,0.012483589227461752,25,16,2.2745755761990605,False,13.772843359463064,False,False,0,OK,train
2026-09-14 21:10:00.078777+00:00,0.09889243416702231,-0.0459471631667648,0.3437607896225589,-0.03289068405023056,9.490528370855673,0.014756404687115917,26,16,1.5467438625936067,False,13.68659952921772,False,False,0,OK,train
2026-09-14 21:15:02.570004+00:00,0.08628583476539933,-0.028262654626216677,0.5578929050818802,-0.406129153725189,9.49247921771447,0.012328214677180456,23,16,1.9996935393166362,False,13.503671147235014,False,False,0,OK,train
2026-09-14 21:20:07.613221+00:00,0.11347531276986367,-0.029437930503366214,-0.0035866569279158875,-0.31782444681763883,9.494363980699768,0.014233909043782267,24,16,0.8637915802018661,False,13.417051725672415,False,False,0,OK,train
2026-09-14 21:25:06.610005+00:00,0.10584433123004491,-0.038514718662874946,-0.09031751952981033,-0.5240422444021193,9.49625243457325,0.014922610697156823,23,16,1.1148187384807893,False,13.257680624249083,False,False,0,OK,train
2026-09-14 21:39:58.149106+00:00,0.09492669062550092,-0.05051711328560482,-0.35362359889032347,-0.16683902976842385,9.496958139500293,0.011629865531931486,27,16,1.769132300477119,False,12.944937196495005,False,False,0,OK,train
2026-09-14 21:45:00.918088+00:00,0.10201023323551449,-0.05683496172935785,0.3624921670285239,0.1881682246149848,9.495107155930533,0.012406676421778081,22,16,1.5093286674461792,False,12.62344040686451,False,False,0,OK,train
2026-09-14 21:49:54.648767+00:00,0.10386755348152674,-0.06006527388960321,0.7697363804433521,0.1587601698147249,9.487814500781038,0.013228756555323172,20,16,2.6795311410299534,False,12.282194475824545,False,False,0,OK,train
2026-09-14 21:54:56.678279+00:00,0.10756892981654846,-0.03816790137000517,-0.03740206472209797,-0.045138416178986035,9.501897066349578,0.014420107784153605,23,16,1.2776799269974395,False,11.92295996865405,False,False,0,OK,train
2026-09-14 21:59:58.218737+00:00,0.11058525861577813,-0.02205090020863674,-0.2764230357999496,0.7552980863222883,9.497947096842323,0.013316315670580479,21,16,1.8861149219664917,False,11.54243186227076,False,False,0,OK,train
2026-09-14 22:05:02.525154+00:00,0.10517603596606319,-0.057031889715346985,0.8374721855178527,-0.3038747712402491,9.49411148658822,0.013287571121683484,23,16,1.7042406528333234,False,11.092589096412746,False,False,0,OK,train
2026-09-14 22:19:55.008977+00:00,0.12981508062694952,-0.046284500969658283,1.3401403806297454,-1.421699682894138,9.497374661492872,0.01556740329562415,23,16,3.3587286081565124,False,10.662184712897258,False,False,0,OK,train
2026-09-15 03:37:07.649234+00:00,0.1208959994127162,-0.035489600670756564,-0.10845991955039229,-0.2637208289756202,9.49414296590558,0.01739971264130532,20,50,2.21734847165256,False,8.761857707056318,False,False,0,OK,train
2026-09-15 03:41:59.193333+00:00,0.1382121932357397,-0.06717887000419613,0.02907121898969576,0.004126384665016764,9.499078252397682,0.011875217638041443,23,50,1.9832278565634303,False,6.944375218602326,False,False,0,OK,train
2026-09-15 06:12:54.602120+00:00,0.1335759053773838,-0.040111821481829,-0.3184709492443917,-0.12056206658130283,9.499368745138039,0.013360853142453695,22,70,1.8370501258147642,False,5.416524369658974,False,False,0,OK,train
2026-09-15 08:21:11.103910+00:00,0.16706539681046595,-0.06551780798839998,0.32299404350621985,0.3702905786420811,9.496810740095892,0.012835497652993163,20,80,1.796632974697348,False,4.772734110158384,False,False,0,OK,train
2026-09-15 08:31:15.622531+00:00,0.1793928504013909,-0.06497517539575545,-0.24355383095959024,0.39043499498783346,9.49675441528784,0.011472208603749045,22,80,2.235681584724859,False,4.256063768287026,False,False,0,OK,train
2026-09-15 08:46:14.008766+00:00,0.09047121484227004,-0.10360046885529926,-0.4712520824047311,-0.4721099912308747,9.49347239698369,0.014294713812287491,22,80,1.1815323276176848,False,3.431590003881568,False,False,0,OK,train
2026-09-15 08:56:18.071865+00:00,0.08301449198556295,-0.1005141037429078,-1.1485732187908928,-0.0010457004375033457,9.496677493034186,0.012924395537122817,25,80,2.049799324677527,False,3.290184728959781,False,False,0,OK,train
2026-09-15 09:01:30.597997+00:00,0.05604991637590677,-0.0909334543509758,-2.3919951365994985,0.18374942732530045,9.496769696063527,0.015494373635830505,23,80,3.7091346751637055,True,3.1992695536104936,False,False,1,OK,train
2026-09-15 09:06:12.407323+00:00,0.059973572750616364,-0.0963962107646447,-0.7694885886809004,0.3280599030417768,9.499808178835202,0.012071042174211446,26,80,2.526260041445261,False,3.0376351728161097,False,False,0,OK,train
2026-09-15 09:11:27.391643+00:00,0.04183228618175295,-0.10961278087460646,-0.36771537444456787,0.4612111121287223,9.498868507382296,0.013533651474093003,24,80,2.091237414361031,False,2.742693943917328,False,False,0,OK,train
2026-09-15 09:16:28.040282+00:00,0.10285699575387319,-0.08682737980064127,0.9182052191978334,-0.45572149586841765,9.497885948728204,0.012928602412116269,22,80,2.1428444685389203,False,2.6036711317415238,False,False,0,OK,train
2026-09-15 09:21:28.996717+00:00,0.07523808051423825,-0.1121557628900315,1.0886822496303583,0.03392267601312894,9.488608916669556,0.015293276219328005,22,80,1.9432836043264408,False,2.2335075339802395,False,False,0,OK,train
2026-09-15 09:26:14.613837+00:00,0.05194610757854242,-0.08602076621586878,-1.850743903205083,-0.7642285836870241,9.492008163133404,0.016498839966095812,23,80,3.285990536518996,False,2.0457654568210413,False,False,0,OK,train
2026-09-15 09:31:15.857076+00:00,0.04820701795233107,-0.1014358763945365,0.80404149906858,0.7099274143502374,9.496849924156054,0.013707724148203763,23,80,2.461351509494167,False,1.7061844667062989,False,False,0,OK,train
2026-09-15 09:37:07.704108+00:00,0.03734947977246672,-0.09261017139155539,1.1624656173695738,-0.16138516331917002,9.497452972198438,0.014282856857085396,20,80,2.070597626336142,False,1.4038449571667457,False,False,0,OK,train
2026-09-15 09:41:20.153866+00:00,0.04925754778725404,-0.10474696543525633,0.1256467207185247,-0.6718252888142641,9.496871468700807,0.01492481155659918,20,80,1.80582214553613,False,0.9813126955201967,False,False,0,OK,train
2026-09-15 09:46:12.894629+00:00,0.08243793315503128,-0.0947345109133718,-1.081725125258493,-0.017034746380787343,9.489988606459443,0.016817854699288707,26,80,1.9891086954978643,False,0.6108785211487218,False,False,0,OK,train
2026-09-15 09:51:12.111344+00:00,0.06545174718903982,-0.10693585392585322,0.8501784924950753,0.06948320433649677,9.49323630759857,0.01251086484342422,23,80,1.7366920384301043,False,0.11380109245202541,False,False,0,OK,train
2026-09-15 09:56:17.674524+00:00,0.05249261023286683,-0.11477349228467572,-0.23675635597696104,-0.2396311548144413,9.493796840282188,0.01512393663558791,23,80,0.9291689911805906,False,0.0,False,False,0,OK,train
2026-09-15 10:01:18.733819+00:00,0.051762266443550815,-0.10261491445744725,-0.9098168473459719,0.32871023929767956,9.490424127813728,0.015937159582421104,24,80,1.7557031390539923,False,0.0,False,False,0,OK,train
2026-09-15 10:06:11.393380+00:00,0.07031418712327221,-0.10547197317130275,0.5917695313842356,-0.33263351040755734,9.4947893846842,0.014609585894199584,25,80,1.2651620091765705,False,0.0,False,False,0,OK,train
2026-09-15 10:11:13.478493+00:00,0.06152698445556948,-0.09332126678810337,0.4486295245355583,0.13830513838588804,9.487732612534524,0.014991664350564921,20,80,1.3097491306049596,False,0.0,False,False,0,OK,train
2026-09-15 10:21:17.547521+00:00,0.053234425419139475,-0.129300142000194,-0.5099759452125117,-0.09498858433796985,9.490373349673813,0.010049875621120915,20,80,2.9672495072991127,False,0.0,False,False,0,OK,train
2026-09-15 10:26:20.041768+00:00,0.04718786007376943,-0.0730078431355327,1.2316530405545139,-0.22618889148537438,9.494443253652763,0.015475986974648826,27,80,1.9922359247612098,False,0.0,False,False,0,OK,train
2026-09-15 10:31:21.806975+00:00,0.06944834544822479,-0.086215840293048,0.347084345996525,-0.06325968611193936,9.489241475715765,0.013101321020277428,23,80,1.1108851368490307,False,0.0,False,False,0,OK,train
2026-09-15 10:36:21.238989+00:00,0.06847997328026355,-0.10160633321004864,-0.2656329690904544,-0.19383706999109968,9.494505166112782,0.013287571121683304,23,80,1.189611889680632,False,0.0,False,False,0,OK,train
2026-09-15 10:46:19.968905+00:00,0.06441000203588275,-0.09016387785854295,-1.0091772545369284,-0.31137149105344736,9.489115109308536,0.011244833524411812,22,80,2.515399210984872,False,0.0,False,False,0,OK,train
2026-09-15 10:51:20.132332+00:00,0.05607491489392484,-0.10220735241204489,0.9845657229833338,0.33703833944841377,9.489801039210908,0.01351850583459566,20,80,1.9571748934772057,False,0.0,False,False,0,OK,train
2026-09-15 11:06:14.372217+00:00,0.06273102472924125,-0.11278615563531828,0.3826757098336798,0.29659389106236883,9.4936709018085,0.01586946753990183,25,80,1.7099194636957546,False,0.010665633104756767,False,False,0,OK,train
2026-09-15 11:11:17.275377+00:00,0.055101464220790215,-0.10623647104859689,0.7113238809191007,-0.9096307361255547,9.494689791522486,0.014861620658428776,22,80,2.2970649632408704,False,0.018089023396947845,False,False,0,OK,train
2026-09-15 11:21:12.741938+00:00,0.04974278097083955,-0.10527050583096616,0.4938633089758769,0.10839848046147617,9.488855256142035,0.01532155344604459,20,80,1.369159821310211,False,0.06622341636785145,False,False,0,OK,train
2026-09-15 11:36:19.002617+00:00,0.07397745502266677,-0.08578648533536735,1.0304118203581119,-0.7219496143944296,9.495300778382186,0.016139748863713364,23,80,2.486126263376025,False,0.32967400048539,False,False,0,OK,train
2026-09-15 11:46:20.904192+00:00,0.039139318076589706,-0.1079497103026753,-0.5920958116023415,-0.12738061182159582,9.493463588071906,0.01643167672515485,20,80,1.8431959504628757,False,0.48747305792430173,False,False,0,OK,train
2026-09-15 11:51:13.566845+00:00,0.06794127305418902,-0.09100376221303534,0.0396372714738125,-0.5017315861974394,9.494782976228926,0.01405133445620015,25,80,1.6899223943025634,False,0.8161603770499801,False,False,0,OK,train
2026-09-15 11:56:16.073483+00:00,0.08512014672151892,-0.11085051805512802,-0.8271111352333883,-0.720345116322885,9.495577812980383,0.012990381056766304,20,80,2.669494136479682,False,1.258936018974396,False,False,0,OK,train
2026-09-15 12:01:20.722190+00:00,0.060239137348027126,-0.0789283992733485,-0.5201151135552616,0.569256927983056,9.49322973526978,0.012792042981336354,22,80,1.9947431456939455,False,1.6112931384352556,False,False,0,OK,train
2026-09-15 12:06:12.651020+00:00,0.0767313502107934,-0.08875066772227644,0.48684565414184094,-0.4727058696572459,9.491902615483468,0.015315351775261174,25,80,1.6169985946938037,False,2.0735633022018485,False,False,0,OK,train
2026-09-15 12:21:17.293003+00:00,0.07227268879374919,-0.1170269208609166,-0.6897954200476523,0.1776531402993629,9.493194591913408,0.02024845673131655,20,80,3.4004920633693185,False,2.601141240147211,False,False,0,OK,train
2026-09-15 12:43:47.632533+00:00,0.0638354037578702,-0.08974993074740699,-0.34681455894684055,-0.17848024339975058,9.495224164118987,0.01499166435056496,20,81,1.8602082723336255,False,3.207309463144674,False,False,0,OK,train
2026-09-15 13:33:38.956837+00:00,0.08919825677188642,-0.09015344895052196,0.4843052761096277,-0.3356052773636441,9.48935915752884,0.01399527665303687,22,81,1.8622034194170205,False,4.167688801084395,False,False,0,OK,train
2026-09-15 13:53:57.631280+00:00,0.0690392262874099,-0.08085675467941413,-0.4732623476648436,-0.3913075176320612,9.492653489302226,0.014991664350564921,20,81,1.971168354019812,False,5.105051968761946,False,False,0,OK,train
2026-09-15 14:18:49.734387+00:00,0.12105738387764883,-0.09123001413989876,0.40438580534277735,0.004533279375341644,9.494641694434678,0.013093073414159545,21,81,2.258687416177409,False,6.3728277437105945,False,False,0,OK,train
2026-09-15 14:58:38.629669+00:00,0.057182647191613714,-0.09291760085391716,0.6351301985603436,-0.2518405274963139,9.493276238079183,0.015811388300841896,20,81,2.217283440204715,False,7.417530857678031,False,False,0,OK,val
2026-09-15 15:23:39.536226+00:00,0.08812450180471317,-0.10783227289411315,0.8054723370267094,0.3365567117812289,9.495553673808562,0.015644487847162027,20,81,2.80766221245439,False,8.641965055978947,False,False,0,OK,val
2026-09-15 16:07:37.678223+00:00,0.1129846109459621,-0.09560992062457495,-0.8905855463746903,-0.19243334139964327,9.497814476033483,0.011521718621802917,20,82,3.230348746761759,False,9.991735498915691,False,False,0,OK,val
2026-09-15 16:17:41.543446+00:00,0.1236652771608964,-0.06876046909799792,-0.2044010184500319,-0.30793661547911555,9.493169591222637,0.018020821290939962,20,82,2.799652120506033,False,11.38594631295041,False,False,0,OK,val
2026-09-15 16:32:40.146346+00:00,0.08011647929468936,-0.11171408332768916,-1.6480484220714327,-0.16501624552743355,9.495396647405311,0.016217784340828347,22,82,3.3665819358450744,False,12.55192956057596,False,False,0,OK,val
2026-09-15 16:37:40.969491+00:00,0.09773077114565805,-0.10654348268899536,-1.0468568194268641,0.173364105136906,9.490228640040753,0.014826824027545517,22,82,2.4744563396208092,False,13.796203703624835,False,False,0,OK,val
2026-09-15 17:30:53.541498+00:00,0.09223564241973475,-0.07114350391290539,-0.5484930653787413,-0.2056066306125967,9.49437135699995,0.012580804584402772,21,83,2.200294026381819,False,14.891447639449733,False,False,0,OK,val
2026-09-15 17:35:45.773507+00:00,0.11220797242139677,-0.08371064280250246,0.2972177007122657,-0.6749658781057443,9.495298979393068,0.012196310917650206,20,83,2.757316951514171,False,16.067833019095,False,False,0,OK,val
2026-09-15 17:40:37.631899+00:00,0.12680551798063405,-0.1079705949931892,-0.3043525160159891,0.11957435650868248,9.493719226940826,0.014106735979665582,20,83,2.0254680794368385,False,17.298578067368368,False,False,0,OK,val
2026-09-15 18:15:33.868957+00:00,0.13181417887815186,-0.08846902422913015,0.8124327767501253,-0.3818210084672935,9.492162747365208,0.012526615655205358,21,83,2.5793195620102307,False,18.4193811047238,False,False,0,OK,val
2026-09-15 19:05:40.992250+00:00,0.0941042504752571,-0.06859064692826167,0.30218133522456686,0.05972356708373262,9.495424204797974,0.015124483462253849,20,83,1.5968670909320408,False,19.112958779782918,True,False,1,OK,val
2026-09-15 19:36:31.493701+00:00,0.07905579577827701,-0.0897030542152124,-0.6059401147207655,-0.28790135393811334,9.495589396258051,0.014790199457748923,20,84,1.6736128364763323,False,19.555576145868887,True,False,1,WATCH,val
2026-09-15 19:46:35.533860+00:00,0.10012381516435769,-0.11150223057228253,0.4722724698902319,0.3209088729723052,9.4919917042407,0.017156079556811227,21,84,2.498423704940211,False,20.039351871873095,True,False,1,WATCH,val
2026-09-15 19:51:39.993210+00:00,0.06384720010600684,-0.08069494079481995,-0.5771122478808837,0.317405096061488,9.495201148431324,0.011169153951844348,20,84,2.4214609369634568,False,20.31595548663074,True,False,1,WATCH,val
2026-09-15 19:56:35.703365+00:00,0.12472587341932935,-0.09869151818027319,-0.2941897102718335,-0.45086426209471353,9.496719717044272,0.016852299546352537,20,84,2.066426016131863,False,20.85644120598594,True,False,1,WATCH,val
2026-09-15 20:11:46.993443+00:00,0.08039748633114496,-0.0840643799036134,-0.9648255076468516,-0.1896463674825945,9.490057022890701,0.010136567466356656,20,84,3.4885599006042147,True,21.08508963762472,True,False,2,WATCH,val
2026-09-15 20:26:37.591795+00:00,0.1011407896848427,-0.09980460763587876,-0.3426000165766856,-0.033762689229512186,9.49529906667111,0.011086139739831018,21,84,2.3797642776335484,False,21.314746258090675,True,False,1,WATCH,val
2026-09-15 20:41:34.491269+00:00,0.10607780390752759,-0.08888155280646867,0.16982665937508395,0.4675831275569521,9.48850048060136,0.012450279185457594,23,84,2.616632599280132,False,21.466228962469682,True,False,1,WATCH,val
2026-09-15 21:45:06.358150+00:00,0.09304440855226792,-0.10203510554851769,0.6189290904956639,0.5258761414024851,9.491985998588287,0.014106735979665766,20,86,2.2796471456103067,False,21.101226185910402,True,False,1,WATCH,val
2026-09-15 22:20:23.832378+00:00,0.11459953533386978,-0.10096561817806071,-0.15752305474791273,-0.41713047736532466,9.491441875794166,0.01686725028661753,22,86,1.9969990497344827,False,20.589864932220664,True,False,1,WATCH,test
2026-09-17 08:22:32.989263+00:00,-0.010855782138548199,-1.6523949017750081,1.329825361036537,-0.05947571767171918,9.485230390743087,0.01774823934929917,20,93,20.11407680130827,True,27.8911849079989,True,False,2,WATCH,test
2026-09-17 08:47:45.753602+00:00,-0.014451795169926103,-1.6577948545427894,0.2783485621425724,0.4516373536146911,9.48939724506129,0.016762808104169084,22,93,19.931772348685715,True,39.506175712055445,True,False,2,ALARM,test
2026-09-17 09:02:35.819433+00:00,0.0029722940620735086,-1.6541930192045982,1.7393186848086615,-0.5026406562949017,9.490629478617613,0.012439855304624757,20,93,20.131990342802368,True,51.17116305542711,True,False,2,ALARM,test
2026-09-17 10:27:44.305933+00:00,-0.012869007892549102,-1.7449218122219607,0.2523001005760437,0.16785296588394802,9.493479673061183,0.01493527307592842,23,94,20.936340695491655,True,64.04620629055846,True,False,2,ALARM,test
2026-09-22 11:53:22.222936+00:00,-172.1069339403965,119.55889004482977,0.03739144717663046,-682.8366250949882,9.85970173950894,0.24266317534118503,24,106,1836.319864707349,True,960.9233100892288,True,False,2,ALARM,test
2026-09-22 11:58:27.381899+00:00,-172.13264476318275,83.02915675816404,-0.5514963089806232,-567.6985344428699,9.851941559868802,0.0237092846268038,26,106,1529.8720068564878,True,1668.9766458761783,True,False,2,ALARM,test
2026-09-22 12:03:25.273176+00:00,-166.53962547672114,100.50590658756197,364.9750556470376,-1637.823401525535,9.843275586938086,2.0345218823941975,26,106,3708.727424798973,True,2476.025538977795,True,False,2,ALARM,test
2026-09-23 11:57:55.032912+00:00,-172.6194096182826,-179.1392100494475,2.343232198547386,0.16186662254002307,9.84416350742738,0.01774119499921015,20,113,3226.973600715194,True,3312.612350046338,True,False,2,ALARM,test
2026-09-23 12:05:48.940900+00:00,-172.10928156640387,-82.97396287525109,4.549632852859572,2615.596149686403,9.84131480529888,0.03331088988026866,26,114,6173.74751031005,True,4146.6756414881565,True,False,2,ALARM,test
