,dev_u,dev_v,slope_u,slope_v,norm,acc_std_max,n,session,maha,flag_maha,cusum,flag_cusum,iso,flag_iso,flag_sensor,votes,status,split
2026-09-18 08:02:51.012816+00:00,0.014255019433297343,-0.025302010212926294,-0.02764615415068928,-0.7344653605051681,9.60242198929714,0.01266977453163714,29,0,3.2490411064246407,False,0.0,False,0.46947167754493324,False,False,0,OK,train
2026-09-18 08:07:52.972132+00:00,-0.0011916816157169319,0.0238598024654375,0.2475025445797804,0.267654089728765,9.606136295738438,0.015195958665491099,26,0,1.9531397864959776,False,0.0,False,0.42438488710056127,False,False,0,OK,train
2026-09-18 08:17:57.948066+00:00,-0.00852684095308313,-0.0014183960628153783,-0.16938589347289548,0.9560011391949564,9.605690933422093,0.015849991237291666,30,0,1.8337911710101509,False,0.0,False,0.4285767024290077,False,False,0,OK,train
2026-09-18 08:23:00.031183+00:00,-0.00275164463298699,0.01803105664771379,0.505533449718106,-0.540137648508006,9.602210366779921,0.014605392127274061,29,0,2.5586728193262753,False,0.0,False,0.4641395219366347,False,False,0,OK,train
2026-09-18 08:27:52.114850+00:00,0.0030968577436267805,0.04289561914730046,0.3881820649325531,-0.607764699862284,9.602028125747943,0.014767319383009559,29,0,3.1881810988364183,False,0.11281355775948265,False,0.4970119146931217,False,False,0,OK,train
2026-09-18 08:32:54.362909+00:00,-0.010046215331159682,-0.011627233283902203,0.15376894406370428,0.8019152970597216,9.606273897219518,0.014047538337136999,30,0,1.8181340611421468,False,0.0,False,0.42039669766034643,False,False,0,OK,train
2026-09-18 08:37:56.653702+00:00,-0.005156242537551033,-0.003797428916031414,0.4548131060936401,-1.361975344247646,9.610358418779041,0.013558347069887943,29,0,2.3769022007696208,False,0.0,False,0.43780276950149577,False,False,0,OK,train
2026-09-18 08:42:59.248494+00:00,0.0018036295924611764,0.006376927405050823,-0.41116542644997683,-0.6392204302675681,9.606248561654972,0.01680277754817143,30,0,2.2449490993621084,False,0.0,False,0.4206453490737862,False,False,0,OK,train
2026-09-18 08:48:00.919147+00:00,-0.005836136909568225,0.007053954021408157,0.5576784048841364,-0.024449422005427043,9.603348493338313,0.014476405856793757,28,0,2.2182565301226047,False,0.0,False,0.44350720099420654,False,False,0,OK,train
2026-09-18 08:53:23.483614+00:00,-0.007538476965460525,-0.05005974881149509,-0.46098173042286583,0.39088318489912255,9.605128008265849,0.01883480820183738,20,0,2.8774681783867013,False,0.0,False,0.4887710704413626,False,False,0,OK,train
2026-09-18 08:58:35.602827+00:00,-0.005865697213878751,0.017971850146573376,-0.1335424289849057,1.268226057145015,9.60926762242634,0.01395788254740313,26,0,2.267666097566937,False,0.0,False,0.43236339844219296,False,False,0,OK,train
2026-09-18 09:02:57.659617+00:00,-0.007883827805997421,-0.007491097851720482,0.502446775760291,-0.08702436473796772,9.609335069374968,0.01802363357982342,29,0,2.0911847197354563,False,0.0,False,0.4240742432384129,False,False,0,OK,train
2026-09-18 09:07:51.155913+00:00,-0.01843158991899955,0.022291074679427807,0.5193321550754812,-1.364006958464421,9.606166662872678,0.01808928473495353,30,0,3.279142758596931,False,0.0,False,0.5294265319110405,False,False,0,OK,train
2026-09-18 09:12:52.194102+00:00,-0.00448847190280227,-0.028193525505135847,0.35703078951697315,-0.30424709648927967,9.599277476738568,0.012288641159452052,29,0,3.47987639745287,False,0.0,False,0.5209429242049088,False,False,0,OK,train
2026-09-18 09:17:54.472673+00:00,-0.025590202320642554,-0.01386974406907384,0.30910898874454046,-0.054194095555144255,9.606893012436569,0.01256538454998052,30,0,2.965093443280434,False,0.0,False,0.5160955786227074,False,False,0,OK,train
2026-09-18 09:22:56.565116+00:00,-0.0031211033209132765,-0.030440109208235172,-0.567244518252441,0.808465315346236,9.610022383351254,0.016210564515231958,29,0,1.964936922652648,False,0.0,False,0.41239739311989637,False,False,0,OK,train
2026-09-18 09:27:58.753346+00:00,0.003458767491688645,0.0076926057932290015,0.05977919873914003,0.4239129343563591,9.606708077368902,0.014888704623882813,27,0,1.5115953848414379,False,0.0,False,0.39510905901699417,False,False,0,OK,train
2026-09-18 09:32:51.213756+00:00,0.0069588173951617115,-0.006506962072417588,-0.2108437369148495,-2.8249038454924107,9.613402877602427,0.018785337071473833,30,0,4.058259905614179,False,0.0,False,0.4971993689875738,False,False,0,OK,train
2026-09-18 09:37:53.289000+00:00,-0.011245138186781823,-0.0050289794469733085,-0.40050356276847804,-0.2950276080547879,9.60468688253922,0.013453624047073722,20,0,2.2276680027401357,False,0.0,False,0.4486777855888639,False,False,0,OK,train
2026-09-18 09:42:55.362818+00:00,-0.01890792582460105,0.0027602289488253247,-0.5211770949276251,0.3091954448066831,9.605264490667548,0.013682917167849203,30,0,2.4809033558393625,False,0.0,False,0.47137595422730477,False,False,0,OK,train
2026-09-18 09:47:57.656694+00:00,-0.0060823341176906975,-0.007610824648517173,0.3912736198573509,-0.10992245754983022,9.606243608004549,0.015563490039905016,30,0,1.4773356597884435,False,0.0,False,0.4025010688258985,False,False,0,OK,train
2026-09-18 09:53:09.669026+00:00,0.00083759630159822,0.008805060763771192,0.06901564568570567,-0.6651502515440665,9.609730621394519,0.016362444555650453,28,0,1.5918400606588394,False,0.0,False,0.3960016586764916,False,False,0,OK,train
2026-09-18 09:57:51.892609+00:00,-0.0028933320500012885,0.0025429446217033625,0.5275467664772372,0.47460623140014685,9.604821393591484,0.0153283522557882,29,0,1.9842453512260465,False,0.0,False,0.4257984244400234,False,False,0,OK,train
2026-09-18 10:02:54.274067+00:00,0.006131865870087087,-0.06500573618958466,-0.4491462013402403,1.0021999456612298,9.607358829315846,0.02101991281366025,28,0,3.6304836977459227,False,0.0,False,0.5261778002290917,False,False,0,OK,train
2026-09-18 10:07:56.252999+00:00,0.013711890376383814,-0.014157607229846979,-0.027330291787605758,-0.33719124626461267,9.610563499815902,0.014743143673401356,29,0,0.8257576944339232,False,0.0,False,0.3776451271380744,False,False,0,OK,train
2026-09-18 10:12:58.753078+00:00,-0.008665559597998656,-0.024707509287384775,0.21154060325586332,1.6674701841958302,9.608098419923513,0.0181932651813572,28,0,2.6431820836010407,False,0.0,False,0.46752423142926247,False,False,0,OK,train
2026-09-18 10:18:00.734889+00:00,-0.0007992237983745146,-0.017905843293573493,-0.8630552256531216,-0.003623228224234446,9.609865260420097,0.011451573950918502,27,0,3.286685294608797,False,0.0,False,0.49329681585308677,False,False,0,OK,train
2026-09-18 10:24:12.873044+00:00,-0.009362793762671089,-0.004424110648557642,-0.30178263895391655,1.6251782428875754,9.607318445029794,0.013545149477955775,22,0,2.485925838824363,False,0.0,False,0.461692900755823,False,False,0,OK,train
2026-09-18 10:27:54.458250+00:00,-0.0064396610119518685,-0.03205012245150827,-0.14916297256800737,0.474217474461367,9.605087149095088,0.017652397651796298,28,0,2.0557566501746125,False,0.0,False,0.4267848182640223,False,False,0,OK,train
2026-09-18 10:32:57.046824+00:00,-0.017657205044702917,-0.03657466564987693,-0.45890508291586335,0.06160794082957577,9.609892402647876,0.014710847591518318,29,0,2.5782718848122532,False,0.0,False,0.44423936350409055,False,False,0,OK,train
2026-09-18 10:37:58.826798+00:00,-0.0070787937022734415,-0.02523940858115967,-0.02594882174543749,1.24259472439916,9.607373828046187,0.014242673398664417,29,0,1.956810786865638,False,0.0,False,0.4165562067480293,False,False,0,OK,train
2026-09-18 10:42:51.318200+00:00,-0.006245024203008351,-0.020463765288365694,0.819999112240812,-0.7502194372055359,9.605673951231802,0.015884541801766943,29,0,2.303624870187006,False,0.0,False,0.44549526073076395,False,False,0,OK,train
2026-09-18 10:47:53.172126+00:00,-0.009721134270516837,-0.034306227359259145,0.24585668339553243,-0.6493202665816729,9.609411248451075,0.01500693458413032,29,0,1.9204933371949278,False,0.0,False,0.4141746495525277,False,False,0,OK,train
2026-09-18 10:53:05.692494+00:00,-0.0063086574111846155,-0.05673147554983745,-0.06594765462918889,0.3191544089183892,9.608049259177275,0.016193977212506632,28,0,2.081396227652798,False,0.0,False,0.4393465607394503,False,False,0,OK,train
2026-09-18 10:57:57.641651+00:00,0.00802676818818852,-0.0776240185808746,-0.7359102363773055,0.34254753922865966,9.606815793431386,0.018027756377319962,28,0,3.377059320325642,False,0.0923828195222679,False,0.5044384287634126,False,False,0,OK,train
2026-09-18 11:07:51.662720+00:00,0.010638635345784688,-0.035671655570313626,-0.11975150994347289,-0.2944323936520434,9.614074322840063,0.016174274106034663,28,0,1.1480680436895214,False,0.0,False,0.38437818764062626,False,False,0,OK,train
2026-09-18 11:12:53.946975+00:00,0.018357415983458185,0.0052248183961029135,-0.14323094426777028,-0.43641891590583876,9.613304872540665,0.017305773485122466,28,0,1.676425561995537,False,0.0,False,0.39245284780062045,False,False,0,OK,train
2026-09-18 11:17:55.926496+00:00,0.012826284013585628,-0.0022299505359611184,-0.3151888486885329,-0.6835993684417614,9.606536255708845,0.012772592536173894,29,0,2.4672645025491704,False,0.0,False,0.4265224331320768,False,False,0,OK,train
2026-09-18 11:22:58.632023+00:00,0.0005780722394445418,0.006884521151841519,-0.06764567532348327,1.7920881465978231,9.607382634364347,0.022897719440056828,24,0,4.305256579638604,False,0.0,False,0.543640758538219,False,False,0,OK,train
2026-09-18 11:28:00.013848+00:00,0.0014729477040569233,-0.0283499379430704,0.47776036708608627,-0.3308549402519935,9.608215771116644,0.015723301886761024,24,0,1.4523746125520995,False,0.0,False,0.39264284977365704,False,False,0,OK,train
2026-09-18 11:32:52.336305+00:00,0.007420969765307539,-0.005882442245545256,0.3957123057165548,-1.1044870311638766,9.611454979024547,0.018304621591216614,26,0,2.1644825930072167,False,0.0,False,0.41648216808495636,False,False,0,OK,train
2026-09-18 11:37:54.651877+00:00,0.023850736087870764,-0.01991751155763735,0.08362933503208475,1.566362995234977,9.603753033825853,0.01791612832955235,27,0,3.6459734951360585,False,0.0,False,0.4883882631725367,False,False,0,OK,train
2026-09-18 11:42:56.436943+00:00,-0.02057859196050383,-0.033180564285204134,-0.31565471791190225,1.1668917893261606,9.603742937368652,0.016178021976178944,27,0,2.5513321855888376,False,0.0,False,0.5194961918236712,False,False,0,OK,train
2026-09-18 11:52:51.471847+00:00,-0.00039312585605145767,0.006039854156087729,0.5967218384292885,2.078913555340419,9.60947658699267,0.013819269959814183,24,0,3.132627113331629,False,0.0,False,0.48714080452134295,False,False,0,OK,train
2026-09-18 11:57:52.626821+00:00,0.004284871143876761,-0.018385736628647807,-0.07958519972856852,-0.5400491415847632,9.608266376116273,0.01375811448875589,28,0,1.4965581811365258,False,0.0,False,0.3874048911090331,False,False,0,OK,train
2026-09-18 12:02:54.831124+00:00,-0.016156308956365783,0.027266015906853038,0.6952075891330787,0.9380216989574943,9.609652609282767,0.01420045395619393,22,0,2.993673961395807,False,0.0,False,0.49522718335765115,False,False,0,OK,train
2026-09-18 12:07:57.504241+00:00,0.017416033805044768,-0.051201320012834915,-1.3034464747804264,-2.1669133218349135,9.609318585080933,0.01457142370837144,24,0,4.484292358280449,False,0.0,False,0.5797997490974643,False,False,0,OK,train
2026-09-18 12:12:59.510849+00:00,0.020093795352700245,-0.0185321956221189,-0.5631138009997582,-0.26657747161617995,9.61190626012186,0.01741302990826156,23,0,1.985510022461203,False,0.0,False,0.40549559853836303,False,False,0,OK,train
2026-09-18 12:42:54.492399+00:00,-0.007489245966549413,0.03401886835405006,0.13327331911610218,-0.7916483319752508,9.610417021999186,0.017128448350949753,23,0,2.750532811725575,False,0.024046049826978666,False,0.4611383620629314,False,False,0,OK,train
2026-09-18 13:35:47.377297+00:00,0.0005078493092267034,0.005368640677631925,0.19547462617010825,1.1381105381411372,9.608613442317454,0.0172916164657906,20,1,2.043654793727553,False,0.0,False,0.416525992309197,False,False,0,OK,train
2026-09-18 13:40:50.693984+00:00,-0.0019362976313872442,0.015226855712687688,-0.16239796091680722,0.7743183546171478,9.61381581635595,0.013379088160259664,20,1,2.261184177619955,False,0.0,False,0.4300207737071532,False,False,0,OK,train
2026-09-18 13:45:42.256288+00:00,-0.002047929785936024,-0.03251078802392302,-0.3103080088782279,0.7053113465483424,9.609612004648197,0.016564424689353284,22,1,1.6351186783790823,False,0.0,False,0.3966743183295097,False,False,0,OK,train
2026-09-18 14:00:48.293318+00:00,-0.013246143809653997,-0.001910957715415072,-0.3055101424140003,-0.6069663391168763,9.60923975721691,0.01381760746267019,23,1,2.2636429409702896,False,0.0,False,0.4254571057812891,False,False,0,OK,train
2026-09-18 14:05:52.413542+00:00,0.004338408905641992,-0.02886023512524163,0.7716246450429857,-0.34869264890757407,9.611661122611059,0.016045775728039956,23,1,1.7987605263892115,False,0.0,False,0.41029896344378713,False,False,0,OK,train
2026-09-18 14:10:43.631827+00:00,-0.00855675578745583,-0.024887599434324774,-0.18190828243713092,0.8205907211567625,9.605086293336724,0.01566977466763422,27,1,1.7781631884417646,False,0.0,False,0.42490161019461653,False,False,0,OK,train
2026-09-18 14:25:40.652082+00:00,-0.003149761638232121,-0.0009966186619129681,-0.4637245932690235,0.20515264983683099,9.612284517211513,0.01774474663267559,22,1,2.3343089023728676,False,0.0,False,0.41597069818188853,False,False,0,OK,train
2026-09-18 14:51:08.461072+00:00,-0.0013801418040110607,-0.06885935292812446,0.18541215182849308,-0.6085266297167992,9.617908600528976,0.014565713164826515,25,2,3.2415725385247693,False,0.004736162994766535,False,0.46310881832122014,False,False,0,OK,train
2026-09-18 14:56:11.292087+00:00,0.012184398220236954,-0.020508191536551,0.017003416705801005,1.0286624997180025,9.606714203596155,0.01698321972024493,22,2,2.0354306496494585,False,0.0,False,0.41028624218886806,False,False,0,OK,train
2026-09-18 15:01:23.197393+00:00,-0.0019004110410670563,0.014953345056361504,-0.4706602847389664,0.46593157762865745,9.606473210725152,0.014294713812287639,22,2,2.0680537123268476,False,0.0,False,0.4260754497403264,False,False,0,OK,train
2026-09-18 15:06:27.028999+00:00,0.009207521377613664,-0.06164175186034029,-0.04717929181934913,-1.230797560427382,9.611719499463746,0.015033296378372921,20,2,2.4272283012791793,False,0.0,False,0.43236600982961026,False,False,0,OK,train
2026-09-18 15:11:17.634107+00:00,-0.006003521781739093,-0.02078867691096326,1.0823435546848608,-0.027777418848306094,9.60449903294527,0.016372322072837172,23,2,2.784837847418804,False,0.0,False,0.47976549430022075,False,False,0,OK,train
2026-09-18 15:16:10.841745+00:00,0.008726990926241214,-0.0032945577581474307,0.3684302311349824,-2.5079516553589567,9.609169836558875,0.02102950308495188,25,2,4.131090589325224,False,0.0,False,0.5356481775889861,False,False,0,OK,train
2026-09-18 15:26:14.471898+00:00,0.005845041922411917,0.011655701858699965,-0.16736067668804705,0.01239888495366438,9.614282260075344,0.015173850753578405,23,2,1.4997957672427822,False,0.0,False,0.3918217638358042,False,False,0,OK,train
2026-09-18 15:31:16.551806+00:00,0.0158518141461842,0.0039819746929951085,-0.42554451597166487,-0.7857598474685888,9.60909705682209,0.015051910177781437,25,2,1.9655965058067235,False,0.0,False,0.40668409030323477,False,False,0,OK,train
2026-09-18 15:36:18.220646+00:00,0.01458402020287036,9.270266968517211e-05,0.05628348651707795,-0.3572362604797527,9.604328487167988,0.01666981696754855,23,2,2.378779970847418,False,0.0,False,0.42208874459391554,False,False,0,OK,train
2026-09-18 15:41:10.377965+00:00,0.005781088646332977,-0.03012559890215519,0.1513981451800319,2.091000695118528,9.608883060703253,0.01681785469928882,26,2,2.615335828505644,False,0.0,False,0.44971427553670895,False,False,0,OK,train
2026-09-18 15:46:12.871380+00:00,0.03859193144272633,0.029818501903308845,-1.1201729210780835,0.45416235784705977,9.609965366109607,0.01301620096661459,22,2,4.1934037213027135,False,0.0,False,0.5505299748140783,False,False,0,OK,train
2026-09-18 15:51:15.077838+00:00,-0.01637795987377965,-0.010773048299157624,-0.16176822980118696,-0.5176221828400718,9.607925028198464,0.015761900266148127,24,2,2.0633484519591683,False,0.0,False,0.42569266411264045,False,False,0,OK,train
2026-09-18 15:56:18.034454+00:00,0.0074700076045905485,0.04368592892712996,-0.08001401452099566,-2.0018351220900255,9.605837348238115,0.014705682195902417,23,2,3.5104116097901668,False,0.12071665555777766,False,0.5236752643176339,False,False,0,OK,train
2026-09-18 16:01:09.683334+00:00,-0.004015523060931512,-0.025905847463616915,0.39068738810508086,0.7447803359013887,9.61097777140881,0.014367575340746367,23,2,1.7730422749495356,False,0.0,False,0.40319603809317694,False,False,0,OK,train
2026-09-18 16:06:42.090376+00:00,0.008140240664600095,-0.01043648064628867,-0.3877412194143932,-0.12637386403783743,9.610796636077904,0.015124483462254014,20,2,1.1401858988317746,False,0.0,False,0.38333243780344295,False,False,0,OK,train
2026-09-18 16:11:14.392989+00:00,0.011976848360511555,-0.0059405119271201245,0.11217442318526712,1.677450457454786,9.609212443050598,0.013768411709333954,21,2,2.386151090013688,False,0.0,False,0.4352698849822989,False,False,0,OK,train
2026-09-18 16:16:16.051809+00:00,0.008640516319119591,-0.027972735729745877,-0.2847403316869101,0.9700939344966848,9.607326454832325,0.015396007178390033,27,2,1.7161930234096192,False,0.0,False,0.4003491309859883,False,False,0,OK,train
2026-09-18 16:21:18.526708+00:00,0.005510130578758834,-0.03134411050012489,0.32872457332524935,-0.2804172581674222,9.60769987965975,0.018225257199831243,25,2,1.9363214286079384,False,0.0,False,0.40897985286623806,False,False,0,OK,train
2026-09-18 16:26:20.302786+00:00,0.022639457152171066,-0.03148826840066039,0.31321299820574033,0.09334232894628221,9.609867939635977,0.017672758383707098,24,2,1.9197726464199594,False,0.0,False,0.40233735844287033,False,False,0,OK,train
2026-09-18 16:31:12.458862+00:00,0.007755716895634765,-0.05404328784318858,0.17675412453372602,-0.6362761321217835,9.606712918532876,0.013716331692622527,28,2,2.4788552774415638,False,0.0,False,0.43475831518527636,False,False,0,OK,train
2026-09-18 16:36:14.773635+00:00,0.01141374952570929,-0.0013465484568742992,-0.753744179162548,0.41737188779947026,9.616394901009958,0.016169106345126204,25,2,2.2899001454036156,False,0.0,False,0.43391054418296193,False,False,0,OK,train
2026-09-18 16:41:16.709590+00:00,0.015139979381182786,-0.0031363747692191115,0.1887704142310122,1.1200798611490348,9.613697601575781,0.019144008346100253,24,2,2.4083711738067484,False,0.0,False,0.43213351605133943,False,False,0,OK,train
2026-09-18 16:51:10.990952+00:00,0.006903774438528831,0.007418075073686685,-0.14675180066296864,-0.02014752680034099,9.612014931149782,0.013980813209403078,23,2,1.3003939215542069,False,0.0,False,0.39049613088715973,False,False,0,OK,train
2026-09-18 16:56:13.184107+00:00,0.0073373724118759795,0.0399876123193797,1.189926984547846,-0.3092601227435358,9.614524997121222,0.016029971927611106,25,2,3.316755060077803,False,0.08373348948027504,False,0.5161913164448662,False,False,0,OK,train
2026-09-18 17:01:15.840652+00:00,-0.006938929708291684,0.011742534048626213,0.05916899478268952,-1.108019469258933,9.607671653996743,0.017320508075688787,26,2,2.3967852285684863,False,0.0,False,0.43316726115051674,False,False,0,OK,train
2026-09-18 17:06:17.908699+00:00,-9.026262391295743e-05,-0.006871065479799528,0.15617203515413078,-0.8253782086401883,9.613918820772962,0.015331639559995973,26,2,1.6637664896922921,False,0.0,False,0.3989394558295098,False,False,0,OK,train
2026-09-18 17:11:09.993859+00:00,0.005043561195051828,-0.03916448150346968,-0.6034474673643321,0.35383723008677886,9.614230414686263,0.016874931514215635,26,2,2.1217845865344467,False,0.0,False,0.4172400260088723,False,False,0,OK,train
2026-09-18 17:16:12.483286+00:00,0.0001710617085467136,-0.025545143245164163,0.5351643592872732,-0.19692334012268142,9.61714784729974,0.0126743836142039,25,2,2.836413086833107,False,0.0,False,0.43300258341920567,False,False,0,OK,train
2026-09-18 17:21:14.468734+00:00,0.0022292184984498697,-0.025198470412893855,-0.15530814291017142,-1.549997887295322,9.612867237749372,0.01891134286318371,24,2,2.9586082200592876,False,0.0,False,0.4452746750336656,False,False,0,OK,train
2026-09-18 17:26:17.142474+00:00,-0.004905964768530306,-0.0026580516518279252,0.6308421591154619,0.14432694207708954,9.61367244185492,0.014352700094407337,20,2,2.1094640158259494,False,0.0,False,0.4112214102496797,False,False,0,OK,train
2026-09-18 17:36:11.164254+00:00,-0.00043818073927507186,-0.009472432063093611,0.6421845510577449,-1.3894920536882607,9.619932672302847,0.016836599252229228,22,2,3.333470605343709,False,0.0,False,0.46273693456594384,False,False,0,OK,train
2026-09-18 17:41:23.288227+00:00,0.01173700451479368,-0.0011011446999762522,-0.839411830470963,0.5636996083693921,9.612055549283589,0.01611004679328263,27,2,2.2221198330375582,False,0.0,False,0.4357811366749246,False,False,0,OK,train
2026-09-18 17:46:15.533696+00:00,0.018377908622838425,-0.009362392776969838,-0.5377703621081803,0.4421420934079701,9.61252657732109,0.013181805642627277,25,2,1.886401258105764,False,0.0,False,0.4112248681313281,False,False,0,OK,train
2026-09-18 17:51:17.871417+00:00,0.008323556674461982,-0.077618859829379,-0.07441429878852956,-1.5747935153178114,9.6167348248388,0.013457206556993196,23,2,3.6578406727774326,False,0.09233123200731186,False,0.49532364794450295,False,False,0,OK,train
2026-09-18 17:56:09.374327+00:00,-0.000726062945575149,-0.031007367544059392,-0.031038518673342463,-1.1229513086360698,9.608647833133357,0.01743539662742308,24,2,2.1303843969805643,False,0.0,False,0.40924990586863563,False,False,0,OK,train
2026-09-18 18:01:11.569241+00:00,0.013459584753043768,-0.037931153716211925,0.05645512047458867,0.18779684435409358,9.608951497318268,0.017939097649820532,28,2,1.7869215404920862,False,0.0,False,0.40016591737322255,False,False,0,OK,train
2026-09-18 18:06:13.763575+00:00,0.017881576143010728,-0.032655228790962165,-0.06662788189018734,1.0129407230741634,9.6065780978346,0.014505745987941018,24,2,2.321085091294514,False,0.0,False,0.4123134709940309,False,False,0,OK,train
2026-09-18 18:15:07.473882+00:00,0.014621410837179594,0.015185598039723247,0.02987305059557891,0.1467421903760323,9.610871827682754,0.018093092604637845,25,3,2.096902415661414,False,0.0,False,0.40969341407585236,False,False,0,OK,train
2026-09-18 18:20:09.864225+00:00,0.0051435910387580535,-0.019627183409696443,0.05253381426469354,0.9204518018331018,9.611343493627873,0.01623149834308401,26,3,1.1814428816944735,False,0.0,False,0.3883425907879372,False,False,0,OK,train
2026-09-18 18:25:22.412996+00:00,0.00455623671647121,0.005923580723100919,0.2210892776890027,0.14874766535206413,9.6101498262103,0.014119490075778245,25,3,1.2549153072340449,False,0.0,False,0.3886490607838924,False,False,0,OK,train
2026-09-18 18:30:13.999342+00:00,-0.0032614972019073384,-0.009435327076675562,-0.02384256450192249,-0.1144145600871351,9.60851630855495,0.014328049611551388,23,3,1.1952127163454052,False,0.0,False,0.3818884681880283,False,False,0,OK,train
2026-09-18 18:35:16.389101+00:00,0.008343778484049135,-0.027848499702550884,0.04706717686558661,1.194346445293641,9.606955323154912,0.01276569477008452,27,3,2.5747542015422176,False,0.0,False,0.4296608015753761,False,False,0,OK,train
2026-09-18 18:40:08.553917+00:00,0.023074204682293046,2.1504253140352422e-05,0.31821592508858026,-1.0973529061479192,9.60922651734942,0.01700480041962816,27,3,2.258421111662402,False,0.0,False,0.42107548959640906,False,False,0,OK,train
2026-09-18 18:45:10.939732+00:00,0.002920714828576291,0.05756268134241577,-0.7742475743317453,-0.9295999344205366,9.611261119022068,0.014427741410983993,24,3,3.7479666517554118,False,0.25948417971063575,False,0.5381773383009469,False,False,0,OK,train
2026-09-18 18:50:12.814279+00:00,-0.0004204543945579006,-0.026842755410943737,-1.0603657019620927,1.2700009519138058,9.611625874382312,0.012140522651411403,21,3,3.4331979343235375,False,0.0,False,0.5103846522041028,False,False,0,OK,train
2026-09-18 19:00:17.398764+00:00,0.0012764041635302235,-0.024558795445327745,0.9079423627224844,0.10948592181753115,9.607383495203623,0.014367575340746366,23,3,2.3766658819748443,False,0.0,False,0.4323731398472937,False,False,0,OK,train
2026-09-18 19:05:09.443935+00:00,0.026438729640872145,-0.026096182382888952,0.3292795301381756,-1.9707304791036082,9.61372620744526,0.017482109216601417,27,3,2.6347500426691766,False,0.0,False,0.44917744821926714,False,False,0,OK,train
2026-09-18 19:10:11.728888+00:00,0.013336027796903965,-0.006683643791094684,-0.0701115325443453,0.00541827762633983,9.611103345617922,0.01637153660730581,21,3,0.8956781279485009,False,0.0,False,0.37528622856417504,False,False,0,OK,train
2026-09-18 19:15:13.708621+00:00,0.02134949342124017,0.0004343560234025129,-0.4237050893007448,0.11532134530183658,9.604776000680877,0.014135996211406158,24,3,2.764171242086632,False,0.0,False,0.433795611884184,False,False,0,OK,train
2026-09-18 19:20:36.063903+00:00,0.007961466635663156,-0.017565926487015868,0.5745243679121503,0.10116039869649689,9.609523924190482,0.017905443723455657,23,3,1.8159925724554298,False,0.0,False,0.4046259570592058,False,False,0,OK,train
2026-09-18 20:33:58.089411+00:00,0.011415705309548245,-0.04865613942574882,-0.18592048388420226,0.6971944267813667,9.609162790173507,0.01575247586469406,22,5,1.7049703166705745,False,0.0,False,0.4046254545927777,False,False,0,OK,train
2026-09-18 21:11:36.154058+00:00,0.022457511121113122,-0.007056092654072618,-0.15170910301011797,-1.254475235297992,9.611883174513942,0.01855310451312207,21,6,2.5247305289880315,False,0.0,False,0.4289509566787447,False,False,0,OK,train
2026-09-18 21:21:40.905212+00:00,-0.0048681956267219995,-0.02938762985652411,-0.11323502706406852,0.11401876277866199,9.613372785915224,0.013883443376914835,20,6,1.9184355889772422,False,0.0,False,0.40148442120774896,False,False,0,OK,train
2026-09-18 21:26:43.088787+00:00,0.004329018012278173,0.007327413390200688,-0.3463494933475267,0.5868658863663716,9.612063642604223,0.013707724148203872,23,6,1.719018944341778,False,0.0,False,0.40521464065518703,False,False,0,OK,train
2026-09-18 21:31:34.013322+00:00,0.0213125275423273,0.020257336730552716,0.35747157089873216,2.550449412761442,9.614633304905908,0.024027572974367365,21,6,5.280316712680206,False,0.0,False,0.60488070679573,False,False,0,OK,train
2026-09-18 21:36:36.633288+00:00,0.02687186865322112,-0.03988694548359078,0.06919279476170467,-1.1089273876192673,9.612201592020206,0.013743685418725546,24,6,2.1847810742688636,False,0.0,False,0.41550955967227027,False,False,0,OK,train
2026-09-18 21:41:38.378134+00:00,-0.007849517528568193,-0.041428777873493604,0.43845977545445575,-1.4991408542410536,9.609056604574043,0.016326665305566857,25,6,2.6235124222182,False,0.0,False,0.4502147415506352,False,False,0,OK,train
2026-09-18 21:49:22.393343+00:00,0.00866079848918471,-0.018915112241865477,0.8941751998493909,0.813973460556217,9.609547923508735,0.01270289873862012,22,7,3.0090240560896166,False,0.0,False,0.4609285418097102,False,False,0,OK,train
2026-09-18 21:54:24.873995+00:00,0.019629316844284983,-0.03530759106918655,-0.03764936538029929,1.582267509265945,9.614791370629883,0.015098917699291612,23,7,1.9201095937462394,False,0.0,False,0.4216166207149186,False,False,0,OK,train
2026-09-18 21:59:37.814139+00:00,-0.0037519284637522504,-0.05046450808131119,-0.09617000866621674,-0.32702640043915865,9.606630882711059,0.01785555548500256,21,7,2.3007871332641705,False,0.0,False,0.43667486520718546,False,False,0,OK,train
2026-09-18 22:04:29.014255+00:00,-0.0027228301265160276,0.013664337378840116,0.1529271991774713,-0.05851602700635772,9.616934390619106,0.012688488185213561,21,7,2.7890468951102805,False,0.0,False,0.4444024695901645,False,False,0,OK,train
2026-09-18 22:14:33.833168+00:00,0.00470247976666276,-0.0019659749661111556,-0.4143173762621742,-0.9246169566136825,9.607985247485065,0.012960524935802872,22,7,2.3173717207380924,False,0.0,False,0.42737870293899904,False,False,0,OK,train
2026-09-19 04:14:39.627561+00:00,0.002063734774226284,-0.029501956718251426,-0.039376804849213846,0.734840689690821,9.611072894992548,0.01642684601015272,21,8,1.2578008506734086,False,0.0,False,0.38689129263164124,False,False,0,OK,train
2026-09-19 04:49:54.206602+00:00,0.008055210019996213,-0.01318740683452469,0.9818702833020025,0.01650099928397477,9.60871332631339,0.016141164458695196,22,8,2.2534871499929676,False,0.0,False,0.4305862899350641,False,False,0,OK,train
2026-09-19 04:57:27.529240+00:00,0.003594448908022665,0.04504774168353559,-0.07495759896999281,-0.5751942811104919,9.6151439036244,0.013101321020277706,23,9,2.9605148602065032,False,0.134334783121834,False,0.46866876115058337,False,False,0,OK,train
2026-09-19 05:07:31.056480+00:00,0.04182229254416719,-0.028238533274697424,0.03325859699415825,1.3823528936551397,9.613397740686766,0.016135571045031098,27,9,2.7474868104291894,False,0.0,False,0.4440458270872518,False,False,0,OK,train
2026-09-19 05:12:42.976925+00:00,0.011909181647600927,0.0036365096297185373,1.1726848269955392,0.07558461930325272,9.609207019224698,0.01589352593563389,24,9,2.7535019961711886,False,0.0,False,0.4676287299140433,False,False,0,OK,train
2026-09-19 05:17:35.121839+00:00,0.006601358386177506,0.003580887245673181,0.04567383853633357,1.0761820524359762,9.613010107142385,0.01545962483374032,20,9,1.5070555689964908,False,0.0,False,0.40642677003610034,False,False,0,OK,train
2026-09-19 05:22:38.020854+00:00,-0.010786511238717064,-0.026472846789714326,0.5757671619183812,-2.646517971104329,9.613529436442617,0.01624807680927192,20,9,3.9073245116137114,False,0.0,False,0.5208083585473827,False,False,0,OK,train
2026-09-19 05:52:51.441260+00:00,0.03898730385464837,-0.06020495882359389,-0.1620483591636615,0.9524823103791243,9.615680561017708,0.01061838029079766,20,9,4.2879152770244175,False,0.0,False,0.5533858897227018,False,False,0,OK,train
2026-09-19 06:07:27.792271+00:00,0.015531203364883691,-0.006031934790958078,0.7087326113226593,0.2992514714396124,9.613013211317124,0.016995495900601808,23,9,1.7722411941431297,False,0.0,False,0.4101974645934668,False,False,0,OK,train
2026-09-19 06:28:27.631665+00:00,0.01686128750198188,-0.014046697179322215,-0.611338545268976,0.43978592725720694,9.616060788010483,0.018441913313608956,24,10,2.3889625812503947,False,0.0,False,0.4304715138534707,False,False,0,OK,train
2026-09-19 06:48:06.368664+00:00,0.03167471086982381,-0.05087694333937898,-0.26263307019910387,-0.32278830813842074,9.614698600505456,0.014517017656974045,22,10,1.9134562935401738,False,0.0,False,0.4150902841445404,False,False,0,OK,train
2026-09-19 06:53:08.688971+00:00,0.017153637755739408,-0.010074631319800183,0.6955504996879496,0.3134561415248406,9.612428052278885,0.013299276232160775,21,10,2.140966875815592,False,0.0,False,0.4136802106047967,False,False,0,OK,train
2026-09-19 06:58:11.074991+00:00,0.02641350267802589,-0.005973967391230749,0.007192202519708562,0.13262598819027513,9.60838549727679,0.014854619558313218,24,10,2.020351584930516,False,0.0,False,0.39842768497447245,False,False,0,OK,train
2026-09-19 07:05:55.338379+00:00,0.006320576347902177,-0.08278828929250281,-0.48040131663431224,-0.8101923760964427,9.610141187466898,0.015832296918289687,23,11,3.144867619439929,False,0.14402552663854995,False,0.47570572595558025,False,False,0,OK,train
2026-09-19 07:10:57.008927+00:00,0.021514837594055092,-0.016301143429024518,0.3679267532801167,-0.7372013601779425,9.615517173007953,0.013919410907075118,24,11,1.4483184750087175,False,0.0,False,0.4008056354797174,False,False,0,OK,train
2026-09-19 07:15:59.703365+00:00,0.01235259547080515,-0.0769886911554918,0.7318027398318443,-0.13440950849862265,9.608892502073084,0.015312319229346233,21,11,3.087023360913214,False,0.08602954526843987,False,0.4704974104433797,False,False,0,OK,train
2026-09-19 07:21:01.988896+00:00,0.004509739115005052,-0.05368973063239052,0.6680479046771497,-0.9357033928456981,9.61533548399944,0.018761260009036034,23,11,2.956651770027424,False,0.0,False,0.4723377718831363,False,False,0,OK,train
2026-09-19 07:26:15.249414+00:00,0.025271009884698267,-0.03295885899664049,-1.289098725399492,0.7175045339325404,9.613564828937774,0.011516895800904288,24,11,3.8843602286406314,False,0.0,False,0.5460884305673223,False,False,0,OK,train
2026-09-19 07:30:56.223871+00:00,0.01756119595730227,-0.03487810415032903,0.743721690046271,-0.7891526571062387,9.619592182422604,0.01733653816526114,30,11,2.428643344180976,False,0.0,False,0.4424430290108184,False,False,0,OK,train
2026-09-19 07:35:58.719091+00:00,0.008264886918293503,-0.045549830014945024,-0.4801606010738622,1.2635382321475772,9.618746668044679,0.012379597645716327,26,11,3.2565032641780185,False,0.0,False,0.4796257359417914,False,False,0,OK,train
2026-09-19 07:41:00.933621+00:00,0.017112591246874108,-0.019449362339921204,-0.025522165913357486,-0.13370209874162553,9.617632247013425,0.01437398936440174,22,11,1.1491316872738044,False,0.0,False,0.381534082615028,False,False,0,OK,train
2026-09-19 07:50:55.868680+00:00,0.03618036745828854,-0.02318587559439704,-0.1443273443835226,0.015695084401523382,9.617270314345175,0.01636581803638334,25,11,1.3986344626778628,False,0.0,False,0.3960951657913052,False,False,0,OK,train
2026-09-19 07:55:57.933497+00:00,0.02394247183599599,0.01638196507372309,-0.2040776689879023,-0.5969943728122263,9.613923454599593,0.015574337867145426,25,11,1.7787213383411067,False,0.0,False,0.4023428967186155,False,False,0,OK,train
2026-09-19 08:01:00.229830+00:00,0.020201314735950125,-0.035512922033950234,0.06035835791336192,1.4880891738331352,9.618257252914423,0.01587954659302338,25,11,2.0052099055568213,False,0.0,False,0.41822960152170263,False,False,0,OK,train
2026-09-19 08:06:02.511340+00:00,0.0261734928993642,-0.04435551203833289,0.2740550204350458,-0.8044275049147845,9.616420386928251,0.013948476619330168,25,11,1.8900034524812763,False,0.0,False,0.4120253163088049,False,False,0,OK,train
2026-09-19 08:11:05.329200+00:00,0.020338019517439344,0.0016704811259104328,-0.3260142673534316,0.5260854235746218,9.614066008906834,0.01690968657308587,24,11,1.6334161044138813,False,0.0,False,0.39778721993908056,False,False,0,OK,train
2026-09-19 08:15:57.269642+00:00,0.022980816048123368,0.02741147795281701,-0.2645180967524859,0.5826153973961449,9.618087262436907,0.014854619558313374,24,11,2.2380472938570284,False,0.0,False,0.42580308838939696,False,False,0,OK,train
2026-09-19 08:21:19.614448+00:00,0.032768194482252176,-0.08042197426171066,0.1441802119025332,-0.5361597526315629,9.617580909434366,0.013652639225553685,21,11,3.0010540380310813,False,0.12036237633062852,False,0.4785159542479213,False,False,0,OK,train
2026-09-19 08:26:02.133966+00:00,0.02628359055929801,-0.058517256251299075,-0.3409795328405483,2.552073235420472,9.618982593789658,0.014798648586948755,20,11,3.404392839494792,False,0.0216775725571412,False,0.5205342548140925,False,False,0,OK,train
2026-09-19 08:31:24.494846+00:00,0.023565647708868886,-0.04229748298919583,-0.2871460499572852,-0.9811043434593376,9.612878697007325,0.014235396124995579,23,11,1.9922115135877783,False,0.0,False,0.4098902153064674,False,False,0,OK,train
2026-09-19 08:35:56.798519+00:00,0.010860409257916221,-0.0413959198816732,0.3189692464896543,0.5795303811180537,9.617092142354242,0.015784465096235968,23,11,1.7031772973044383,False,0.0,False,0.40734500817520847,False,False,0,OK,train
2026-09-19 09:16:05.078492+00:00,0.015513298050774723,-0.05771621694977049,0.7235721276860877,-0.6198806012974809,9.617694662944839,0.015400915836948801,21,11,2.4999465178282647,False,0.0,False,0.4478730899531038,False,False,0,OK,train
2026-09-19 09:45:58.630613+00:00,0.027381791971215964,-0.036876593338409314,1.1660085930883741,-0.45292065991131736,9.620443746623062,0.014826824027545708,22,11,2.9355072775543336,False,0.0,False,0.47541435626580636,False,False,0,OK,train
2026-09-19 09:51:00.711077+00:00,0.053239926695868266,-0.016884103046853394,-0.3593661734055369,0.9072078413736799,9.619429438325973,0.017720045146669368,20,11,2.9272824953308856,False,0.0,False,0.4746848973357915,False,False,0,OK,train
2026-09-19 09:57:03.397359+00:00,0.0299261627931339,-0.04367086224866569,-0.19739017692695351,-0.3472878021953196,9.618039892438603,0.013964645998681122,21,12,1.754153272648388,False,0.0,False,0.40380941401961296,False,False,0,OK,train
2026-09-19 10:32:08.988278+00:00,0.05742345551097853,-0.01585761196262179,-0.05108665936105208,-0.8163932587380348,9.616824996953035,0.01095445115010323,20,12,4.17806516516223,False,0.0,False,0.534536888979671,False,False,0,OK,train
2026-09-19 10:59:53.096062+00:00,0.03653156704886681,-0.024354927103795537,0.4656563068586966,0.5799463363318266,9.619573385559077,0.013669238185149939,21,13,2.185604993563115,False,0.0,False,0.42901167284441116,False,False,0,OK,train
2026-09-19 11:52:57.574652+00:00,0.03999789090172429,-0.02711072116143159,0.64785837946352,-0.9517150755075898,9.61226373976436,0.014349065879351768,21,14,2.8318472648322004,False,0.0,False,0.43802883466935705,False,False,0,OK,train
2026-09-19 11:57:58.408346+00:00,0.011123821164764748,-0.03721447111730591,-0.3446604702942281,0.8186528604200793,9.610436344136303,0.014448183276799748,20,14,1.5909876418617723,False,0.0,False,0.39939444004314445,False,False,0,OK,train
2026-09-19 12:05:31.728772+00:00,0.026734176187514752,0.03060489758099899,-0.07106884076621987,0.01695320990706116,9.616370669326196,0.017275343701356572,24,15,2.4486473643827393,False,0.0,False,0.4279027659340485,False,False,0,OK,train
2026-09-19 12:10:34.748028+00:00,0.00691821622665724,-0.04936427042114543,0.10113002841998615,-0.9247482288298867,9.616795602058989,0.016286088738261654,26,15,2.257018684756704,False,0.0,False,0.423369702207905,False,False,0,OK,train
2026-09-19 12:15:36.193482+00:00,0.04038014675076226,-0.023804905779260734,-0.19970399408474954,1.305190426433971,9.618465546192366,0.018384673488579112,23,15,2.6317038981461676,False,0.0,False,0.4540130748796299,False,False,0,OK,train
2026-09-19 12:20:38.893005+00:00,0.020851422607514165,-0.04372193824315536,-0.5055068243356283,-0.6877315859982195,9.616424724612353,0.011907012119677535,23,15,2.973418394995089,False,0.0,False,0.4573964392030365,False,False,0,OK,train
2026-09-19 12:25:31.991948+00:00,0.027135460087784807,0.027382880457503034,0.14760790856530337,-0.2506591229226097,9.62205986571896,0.015460918472070307,25,15,2.4731360211649,False,0.0,False,0.4315408781873465,False,False,0,OK,train
2026-09-19 12:30:33.138113+00:00,0.033258122672026824,0.021217104991054305,-0.08542471719824304,0.4611546800833309,9.61777654035076,0.016768969768815215,22,15,2.2641648900721827,False,0.0,False,0.4250002226629312,False,False,0,OK,train
2026-09-19 12:35:35.319571+00:00,0.0340021892091769,0.025959490805028403,-0.34284678299655785,-0.19652769479711427,9.617390673764314,0.011763260224755536,23,15,3.0995626017369298,False,0.0,False,0.48618038621628246,False,False,0,OK,train
2026-09-19 13:09:09.860135+00:00,0.03192642578540668,0.0061556198148802884,0.3430181810184726,0.2633664137653322,9.621452347551962,0.016329931618554536,21,16,1.9962057370235702,False,0.0,False,0.41931156633482497,False,False,0,OK,train
2026-09-19 14:56:58.846409+00:00,0.029769658653616176,-0.03622649684542078,-0.7243859483744176,-0.42051643493145663,9.60924182285237,0.014135996211406158,24,19,2.7827518423145894,False,0.0,False,0.4319420386214936,False,False,0,OK,train
2026-09-19 15:27:02.430740+00:00,0.05001182768247509,-0.0550503957742263,0.13860629612977335,-0.9802079195643663,9.618002234802683,0.014952684255340567,21,19,2.721212032934521,False,0.0,False,0.46949181241721133,False,False,0,OK,train
2026-09-19 15:32:15.372225+00:00,0.021797038960893318,-0.02638985031131393,1.1532808458940667,-2.0307742147676726,9.615817031624934,0.013819269959814178,24,19,3.4059803896245047,False,0.0,False,0.5148826410150542,False,False,0,OK,train
2026-09-19 15:44:59.595839+00:00,0.046865140234968156,-0.02081282750959584,-0.4139512454894315,-1.2415595535283326,9.621162639070066,0.016713433009863866,22,20,2.6629481011766525,False,0.0,False,0.4698641102022688,False,False,0,OK,train
2026-09-19 15:50:13.993497+00:00,0.023135288451919256,0.008590396852873735,0.09129141795137423,-0.25561386173015094,9.621652454176896,0.01428261375083552,24,20,2.0539971186368775,False,0.0,False,0.4104009923192425,False,False,0,OK,train
2026-09-19 15:55:05.437392+00:00,0.027415860734092686,-0.010781410022913742,0.12763369048106035,0.45537399726143213,9.622019839010536,0.01523154621172811,25,20,1.7274030716165547,False,0.0,False,0.4033467328070031,False,False,0,OK,train
2026-09-19 16:10:01.599253+00:00,0.02100454042147308,0.050293026256541945,1.148537059705285,0.4834336649618073,9.62143954667612,0.013583042914620586,23,20,4.0995108240862095,False,0.1867876288518976,False,0.5605784170300226,False,False,0,OK,train
2026-09-19 16:15:13.720781+00:00,0.016359914193678358,-0.006008997464778812,0.5495099325695807,0.4052338386931175,9.623545462517974,0.015620209016054038,21,20,2.671859729002837,False,0.0,False,0.44006833589889943,False,False,0,OK,train
2026-09-19 16:25:05.598546+00:00,0.030168377608845037,-0.026967244731878785,0.7364977521421312,-0.47767775844819116,9.615880666345456,0.01569601488919786,27,20,1.8527403246290524,False,0.0,False,0.4116651916707739,False,False,0,OK,train
2026-09-19 16:29:58.428903+00:00,0.06445979902888267,-0.012360669858715556,-0.970175699982003,1.0374185223776307,9.620057890776549,0.014620533505997665,25,20,3.8826651755777326,False,0.011237712319786985,False,0.5656545230555102,False,False,0,OK,train
2026-09-19 16:35:03.105065+00:00,0.014214082733998417,-0.012449688070760856,0.11001875309695558,1.3952774920856112,9.620244908374138,0.014062716664997569,25,20,2.429049791967939,False,0.0,False,0.4287177961446969,False,False,0,OK,train
2026-09-19 16:40:02.404510+00:00,0.031027870802058308,-0.013033047424596373,0.28659567406345066,0.254717299463646,9.622019892829861,0.016064179133702096,22,20,1.7151822323853712,False,0.0,False,0.41188199034727474,False,False,0,OK,train
2026-09-19 16:45:04.508911+00:00,0.028573510147730904,-0.03545798078898645,-0.7080491572061994,-0.8518251532780576,9.621051118494659,0.016155494421403526,30,20,2.6394429504739794,False,0.0,False,0.4549593165415529,False,False,0,OK,train
2026-09-19 16:50:17.071416+00:00,0.038300661309107815,-0.04001485626834361,0.327583920744478,-0.06294732276597194,9.62350240437888,0.018821264569629764,25,20,2.573074347171941,False,0.0,False,0.48626415520656563,False,False,0,OK,train
2026-09-19 16:54:58.329720+00:00,0.02088091879776832,-0.04957285840500249,0.38504928148216383,0.8617876428144272,9.622367098870424,0.01730577348512247,28,20,2.6434605175073562,False,0.0,False,0.4612018917667776,False,False,0,OK,train
2026-09-19 17:05:12.422949+00:00,0.03892725679245324,-0.030086719383595296,-0.5095933263255948,1.5386665227752674,9.618799956179005,0.014947825928876762,24,20,2.480927719841621,False,0.0,False,0.44950695469071117,False,False,0,OK,train
2026-09-19 17:10:04.894343+00:00,0.020109342543497884,-0.008824553245936607,0.016021543239929298,-0.26731053249190495,9.618152705143993,0.016287702606517213,22,20,1.222005894405883,False,0.0,False,0.3868738399502139,False,False,0,OK,train
2026-09-19 17:15:17.949578+00:00,0.032158259718186526,-0.030995246888661745,-0.7778416979311465,1.5216923047939717,9.619498310032318,0.015239140558400206,22,20,2.623063067311672,False,0.0,False,0.4716485211423431,False,False,0,OK,train
2026-09-19 17:19:58.913321+00:00,0.051747230203510255,0.01828261865799057,-0.0683685781332761,0.21960886000426386,9.625593281265328,0.014225570776082266,26,20,2.9230925282588656,False,0.0,False,0.5141685489825216,False,False,0,OK,train
2026-09-19 17:25:01.937940+00:00,0.028896524009581686,0.04599935617475666,0.8004144618231456,-1.9911926309103183,9.621224254337552,0.017213259316477415,27,20,3.9994070581428507,False,0.14385092803404453,False,0.5651819218055436,False,False,0,OK,train
2026-09-19 17:30:13.217607+00:00,0.013252063797697724,-0.0286137174774289,-0.12772694945744328,0.2895446552771226,9.621430352818152,0.015252504348102621,24,20,2.1435892430151093,False,0.0,False,0.40511911509198223,False,False,0,OK,train
2026-09-19 17:35:06.090636+00:00,0.03067180302131683,-0.04484146449665757,-0.5831445369248813,-0.44795399560307614,9.619297665495797,0.015688363958842374,23,20,2.1219025185764493,False,0.0,False,0.42744912694603426,False,False,0,OK,train
2026-09-19 17:50:02.404125+00:00,0.026933856882933652,-0.00844777476226819,0.31468925050536267,0.11729981652894259,9.623988803937479,0.016217784340828444,22,20,2.2099172353410297,False,0.0,False,0.4384163944549098,False,False,0,OK,train
2026-09-19 17:55:04.680957+00:00,0.045446137517598795,-0.024938218587929047,0.08192846306201096,-0.41190940334364323,9.62461603543361,0.014142135623730965,24,20,2.226394817340837,False,0.0,False,0.46488846874303796,False,False,0,OK,train
2026-09-19 18:00:17.518198+00:00,0.01781763830779009,0.01910962726749787,0.019563794392137103,1.5981062591126869,9.618921359914633,0.014966629547095765,25,20,2.624516875805152,False,0.0,False,0.4431759062521481,False,False,0,OK,train
2026-09-19 18:04:59.048924+00:00,0.036897126946521704,-0.006240861954664765,-0.3233041935604456,0.970183042367113,9.61934344229828,0.01498970840359117,27,20,1.9638315442012753,False,0.0,False,0.4238878869967082,False,False,0,OK,train
2026-09-19 18:10:01.510824+00:00,0.020485597227107785,-0.04410777593432704,-0.34395342600734324,-1.7078684791530119,9.618204929055032,0.014917126437656312,22,20,2.722627186134809,False,0.0,False,0.4411665168563502,False,False,0,OK,train
2026-09-19 18:15:13.129267+00:00,0.04121256671008477,-0.03787207616618135,0.09289800954879017,-0.47600339430897337,9.61788471145399,0.013418097908195604,21,20,2.1871117739610746,False,0.0,False,0.4191419030335907,False,False,0,OK,train
2026-09-19 18:20:05.187906+00:00,0.015715296387257847,-0.02623818323088784,-0.2608159518229023,0.5122266692376464,9.618855544912105,0.01745393938341716,25,20,1.9326087637563418,False,0.0,False,0.4074182753653055,False,False,0,OK,train
2026-09-19 18:30:50.193635+00:00,0.040810285083543264,-0.04586672808208147,0.5477411320196693,0.021386315668638294,9.620157037584463,0.01966112916391123,25,20,2.841550143984064,False,0.0,False,0.5012614369420377,False,False,0,OK,train
2026-09-19 18:35:01.803055+00:00,0.05804803889905711,-0.0015806261829666402,-0.28948316443690336,-0.5136578146235994,9.617874373922774,0.01459512766231561,26,20,2.9888685340484753,False,0.0,False,0.46851374965978204,False,False,0,OK,train
2026-09-19 18:40:13.898573+00:00,0.03495138010373983,-0.037200882137158775,-0.40118704867321775,-0.24079621403355483,9.619409245326377,0.016463785756216955,27,20,1.8100193423291533,False,0.0,False,0.4138535580719761,False,False,0,OK,train
2026-09-19 18:45:06.726189+00:00,0.023404111112180805,-0.038116398119007695,-0.2506596109308471,-0.4874351952144168,9.61737388618344,0.016480219450483516,26,20,1.5261648328845772,False,0.0,False,0.39678906691277377,False,False,0,OK,train
2026-09-19 18:49:58.211971+00:00,0.04024188522932375,-0.014638223052053749,-0.019417755956110422,-0.8702826026249322,9.619704091339122,0.014664242223858703,25,20,1.7918510953982902,False,0.0,False,0.4244343269777893,False,False,0,OK,train
2026-09-19 18:55:00.305229+00:00,0.03067245823362672,-0.025768321376605015,-0.6987315860540595,0.10126009491208046,9.62135844934141,0.01546473935329356,28,20,2.2100181489314306,False,0.0,False,0.43067763328009145,False,False,0,OK,train
2026-09-19 19:00:12.867552+00:00,0.02755883096839891,-0.01916057836322933,0.8114291492457929,0.7044465926606003,9.616970269076372,0.015293276219327944,22,20,2.16546132412379,False,0.0,False,0.42576919836353894,False,False,0,OK,train
2026-09-19 19:05:05.270377+00:00,0.051181446189836693,-0.015355462500616472,-0.03175082274807032,0.4455913977361783,9.617847588119032,0.013609081548426263,26,20,2.607018724918097,False,0.0,False,0.44023143618900296,False,False,0,OK,train
2026-09-19 19:15:19.983858+00:00,0.05097407674466483,-0.023889595121530157,0.48744060398296646,-1.1373413922443227,9.618685151595233,0.013471246421591029,23,20,2.899692002601424,False,0.0,False,0.47039390624581223,False,False,0,OK,train
2026-09-19 19:20:01.425956+00:00,0.04651589340473612,-0.04229441689053621,0.20762002921412073,-0.27191513765649156,9.611197989637652,0.015315351775261329,25,20,3.0282674240165797,False,0.0,False,0.4374839528378726,False,False,0,OK,train
2026-09-19 19:25:03.887706+00:00,0.0305266061095897,-0.03844649908417945,0.5856351304506376,1.9752126490054351,9.62098012905775,0.017139136501002628,24,20,3.1519677680519433,False,0.0,False,0.49177561966980965,False,False,0,OK,train
2026-09-19 19:30:06.097791+00:00,0.04226186487360584,-0.0033132694998829876,0.09613273713500722,-1.9241101736054522,9.620300648762571,0.017240134054647683,24,20,2.9151520240914164,False,0.0,False,0.49424162889605916,False,False,0,OK,train
2026-09-19 19:34:58.326370+00:00,0.025473631987872457,-0.01208254077149792,0.7194047636639368,0.33846171702002587,9.619228582617133,0.018701871564097552,25,20,2.4763039094503774,False,0.0,False,0.45105953891531875,False,False,0,OK,train
2026-09-19 19:40:00.743748+00:00,0.026174118987770605,0.029356270362861987,0.5454074803255943,-0.839437670237733,9.61725500426267,0.015200000000000003,25,20,2.3596031781492823,False,0.0,False,0.4384865721448204,False,False,0,OK,train
2026-09-19 19:45:03.286187+00:00,0.04356585747927347,-0.0018954152975109817,0.12025680937695132,0.7424650454164027,9.617763374384005,0.015147276983009201,25,20,2.1495565063710167,False,0.0,False,0.42707363495356426,False,False,0,OK,train
2026-09-19 19:50:15.147508+00:00,0.035332077386410414,-0.027090762462834355,0.5251019790219426,-1.195754689650301,9.615118573616792,0.01319090595827293,20,20,2.585453735300977,False,0.0,False,0.4390698799958622,False,False,0,OK,train
2026-09-19 19:56:27.946600+00:00,0.01951051280077265,-0.08052093709523339,0.04647053390997389,1.247494819912197,9.621899536090483,0.015321553446044574,20,20,3.2726829648648064,False,0.12135200466585583,False,0.5021689785474454,False,False,0,OK,train
2026-09-19 19:59:59.636945+00:00,0.04912466341899525,-0.0379982955284709,-0.42498586888111184,0.02595426501444502,9.61846132613019,0.016316862443496928,25,20,2.3550221553380446,False,0.0,False,0.44323687235153175,False,False,0,OK,train
2026-09-19 20:05:11.312102+00:00,0.038004827853643425,-0.027639825385456156,0.3926398389150929,0.4061516644339981,9.61638034920682,0.018547236990991423,25,20,2.3173302794795645,False,0.0,False,0.4322503494878091,False,False,0,OK,train
2026-09-19 20:10:03.793424+00:00,0.046887252388540614,0.014221869671119282,0.18860166708682496,-0.28027708207370267,9.619983617507001,0.014523687548277823,24,20,2.3683438302908755,False,0.0,False,0.4494001393688653,False,False,0,OK,train
2026-09-19 20:15:05.676721+00:00,0.039227550664074774,0.0016010094492580668,0.07391704157111875,-1.1945617170563436,9.615061165771786,0.012749901960407395,25,20,2.706059594400325,False,0.0,False,0.4609313924919339,False,False,0,OK,train
2026-09-19 20:19:57.938641+00:00,0.026943633914162372,0.01707962957932005,0.38722762506655556,0.08778183431616947,9.622636746389684,0.013316315670580545,21,20,2.6280960144914136,False,0.0,False,0.45182863783317007,False,False,0,OK,train
2026-09-19 20:24:59.891813+00:00,0.05106281501947228,-0.024662997029082145,-0.6369600572037148,-0.5179052548873788,9.626700154143816,0.01343582010904968,27,20,3.1292238626883844,False,0.0,False,0.5369964681368249,False,False,0,OK,train
2026-09-19 20:30:01.987316+00:00,0.01952800019346332,-0.01034160967138392,0.5186515193441332,1.1075533968329954,9.620978917697508,0.017325126262166188,25,20,2.523442658958012,False,0.0,False,0.4329836174212339,False,False,0,OK,train
2026-09-19 20:39:26.098633+00:00,0.03929045212283477,-0.029233411065829176,0.5353004221886424,-1.1428271797416485,9.623755559934457,0.01668096034015497,26,21,2.4889032215727154,False,0.0,False,0.47867105720853526,False,False,0,OK,train
2026-09-19 20:44:29.720532+00:00,0.042822543702705246,-0.01853941075151359,-0.040986944502266275,1.5406932303244885,9.620961999715915,0.01777560750641797,24,21,2.7341820337645637,False,0.0,False,0.4744195540562863,False,False,0,OK,val
2026-09-19 20:49:30.887370+00:00,0.04054901238954884,-0.028459358386309027,0.7268532970504448,0.4812261336319968,9.619819976969803,0.0161411644586952,22,21,2.319339053289362,False,0.0,False,0.44594660229868816,False,False,0,OK,val
2026-09-19 20:54:32.668002+00:00,0.037321189671615435,-0.04050083105073349,0.3275281837883457,-0.14867633412880438,9.618667514530815,0.016000000000000014,25,21,1.6466596664795543,False,0.0,False,0.41557399964123054,False,False,0,OK,val
2026-09-19 20:59:26.248719+00:00,0.047630962456034015,-0.002472695638158731,0.7263523135616023,2.2107027807285005,9.62441290750206,0.01877775723207293,24,21,4.227112464747938,False,0.0,False,0.5881716347174458,False,False,0,OK,val
2026-09-19 21:04:27.313047+00:00,0.037298289217863,-0.01532866659774598,-0.27710358484372416,-1.9620559514423663,9.61774633308448,0.019230769230769246,26,21,3.4230634667476587,False,0.0,False,0.5040717107239632,False,False,0,OK,val
2026-09-19 21:09:29.402779+00:00,0.03516005546440871,-0.04740226131394702,0.333912559616245,0.26105436671707194,9.619717461557634,0.018317674254190817,22,21,2.2134845349143335,False,0.0,False,0.4486323814530283,False,False,0,OK,val
2026-09-19 21:14:32.102992+00:00,0.06394154034356082,-0.0266440047787975,0.4981778957444304,0.673087448067091,9.622127713081191,0.014373989364401736,22,21,3.3448001159946785,False,0.006055125466568501,False,0.5128618882292523,False,False,0,OK,val
2026-09-19 21:24:46.924108+00:00,0.07548542596071578,-0.03669151211501986,-0.05613957708104226,1.1940674122482686,9.62203008532162,0.016943282737768774,21,21,4.025412673556249,False,0.1275491071046866,False,0.5293184042382837,False,False,0,OK,val
2026-09-19 21:29:38.673825+00:00,0.06222698746607349,0.0035443446061118726,0.4924015662207221,-0.07264542918809788,9.628031014192514,0.015430334996209206,21,21,3.2300418852611417,False,0.11645870379638179,False,0.5503476052287343,False,False,0,OK,val
2026-09-19 21:34:30.518696+00:00,0.04175060467653576,0.03033704753327478,-0.23035170620567222,0.4368949344751818,9.620687445495042,0.01699264546796668,20,21,2.951694957827617,False,0.0,False,0.4758806473419724,False,False,0,OK,val
2026-09-21 06:11:25.812863+00:00,0.10675602535814913,0.08282902402227585,-0.6210651261713162,1.2633850202978205,9.62406336674546,0.02242208732477876,20,22,8.511528747167596,False,0.5121476065092365,False,0.6755180326069318,False,False,0,OK,val
2026-09-21 06:16:28.203153+00:00,0.07585175381435622,0.06926733046466603,-0.24641735628639955,-1.8244086348943163,9.630460331517448,0.014510685717773647,25,22,5.534995169414299,False,0.8886782774423749,False,0.6441568291624141,False,False,0,OK,val
2026-09-21 06:21:30.382364+00:00,0.11308693591313888,0.12538079983894074,0.8060890884540458,1.204138388747386,9.633842374860285,0.021586389744981272,24,22,9.412791927503523,False,1.8263436421182604,False,0.6766987293008723,False,False,0,OK,val
2026-09-21 06:26:32.578001+00:00,0.09591679935085397,0.03916294506260021,-0.28318212464570847,0.19919894495026347,9.626034744795222,0.017868151368659966,24,22,5.75499422070082,False,1.9018304590307404,False,0.6036274023844428,False,False,0,OK,val
2026-09-21 06:31:27.176931+00:00,0.10456211018241386,0.03849649153640544,-0.9407054858426523,1.5646110796198818,9.627552168956246,0.023713422125220554,24,22,7.794059599393596,False,1.970652740681273,False,0.6988794032784217,True,False,1,OK,val
2026-09-21 06:36:27.118970+00:00,0.07822959162249431,0.022802233540949214,0.9716402096324804,0.34550589500006446,9.64219858417579,0.04648824609289321,22,22,11.360084674440108,False,1.943870494599826,False,0.6659290577123989,False,False,0,OK,val
2026-09-21 06:41:31.569550+00:00,0.11902474014656816,0.06876638366942751,0.4829097357576165,0.3256249303865114,9.628158905796719,0.02223355719986446,21,22,8.299952197401627,False,2.500757618096468,False,0.657264201484841,False,False,0,OK,val
2026-09-21 06:46:43.471383+00:00,0.12929273049297377,0.013990266074207036,0.47530963725207415,-0.0023086513057522053,9.62223455537911,0.023288524468090266,22,22,8.710857394265973,False,3.160324645057166,False,0.6010564926003135,False,False,0,OK,val
2026-09-21 06:56:37.701874+00:00,0.09953550235888357,-0.04442911196380438,-0.16203816000526217,1.4158140411028661,9.62870180973596,0.02121885953579994,25,22,5.836251303495179,False,3.5223193906769623,False,0.626481417985824,False,False,0,OK,val
2026-09-21 07:01:34.049314+00:00,0.10690070017404475,0.024532477845104105,0.3144012995002529,0.08172353433672785,9.629664909260113,0.014937887931959088,22,22,5.807764492439668,False,3.9579661144483698,False,0.558040767489188,False,False,0,OK,val
2026-09-21 07:06:31.328867+00:00,0.08327257348929547,0.017062139551037175,-0.4799690428424038,-0.017875783688918782,9.629693356656801,0.014769583256448842,21,22,4.411241946737087,False,4.157331571372285,False,0.5721446019495305,False,False,0,OK,val
2026-09-21 07:11:34.739111+00:00,0.1015109690160729,0.050368016741945874,0.09060820267662327,-1.823279616877524,9.63164154105888,0.02610809554642475,21,22,7.826991726090412,False,4.539080983563974,False,0.6903943247262374,False,False,0,OK,val
2026-09-21 08:11:26.234363+00:00,0.15504040552575024,0.03762918588442296,-0.3360982004694883,0.8130356479849223,9.635786703485726,0.014086784586980816,24,22,8.890578903737188,False,5.456124760852436,False,0.604345757552747,False,False,0,OK,val
2026-09-21 09:45:36.001177+00:00,0.2529630626630175,-0.0758078294229244,0.4498156101146091,-1.8329911545385487,9.634955671987688,0.01855310451312207,21,23,15.480301373302177,False,7.352395109513571,False,0.6415562698776507,False,False,0,OK,val
2026-09-21 09:49:58.145697+00:00,0.242071630167812,-0.08107656825632142,0.389456979488508,-0.6512287862850463,9.633189460441391,0.017775723089679007,26,23,14.872062099231616,False,9.139751133222651,False,0.6189570339639262,False,False,0,OK,val
2026-09-21 09:54:50.916183+00:00,0.2291323204329399,-0.027708983025244258,-0.4463496954769155,1.8359004315250713,9.631701519359494,0.016927446988204156,26,23,14.362385165540394,False,10.797714059583011,False,0.5958558988835994,False,False,0,OK,val
2026-09-21 10:00:00.978428+00:00,0.21144656321202754,-0.06934381988631512,-1.1652807039568487,0.24289718266600235,9.63353189015901,0.01611004679328264,27,23,12.605324689429041,False,12.278819413734247,False,0.650933221514611,False,False,0,OK,val
2026-09-21 10:04:44.147703+00:00,0.21256376218513007,-0.0598601080597409,-0.6818364505591213,-0.11526433166211665,9.631067347456701,0.022263416678987596,24,23,13.143890002180871,False,13.771096757616508,False,0.6576420047140522,False,False,0,OK,val
2026-09-21 10:09:47.737267+00:00,0.2725121916790013,-0.07461529223112348,0.13585414149821554,0.49835777902298495,9.632669413044537,0.014837789592793141,25,23,17.318161586291005,True,15.862858396437481,False,0.597727732476251,False,False,1,OK,val
2026-09-21 10:14:47.871682+00:00,0.24477030230109847,-0.05715374982520992,-0.695433207241795,0.3293271997207511,9.630678563592692,0.013301243435223537,26,23,15.434939701926421,False,17.677201141479426,False,0.6123784382488271,False,False,0,OK,val
2026-09-21 10:19:50.501367+00:00,0.24496351589994084,-0.08019261881636713,0.7947210375208726,-1.1566783390577107,9.627184143993135,0.017837651700316887,22,23,15.980700399308011,False,19.493476022509796,False,0.6398951825082414,False,False,0,OK,val
2026-09-21 10:33:26.627783+00:00,0.26315285828954593,-0.00772938759982189,0.3730043568187985,-0.07287862921656356,9.629637781788507,0.01447640585679409,28,24,17.069402054249167,False,21.491644327436216,False,0.5504844261868685,False,False,0,OK,val
2026-09-21 10:38:29.844806+00:00,0.2513436790510603,-0.009597891865705682,-0.6882413642487721,-0.9652418731734254,9.64127165901886,0.018052643036544948,23,24,14.709337802947676,False,23.37172083997778,False,0.6146178083680377,False,False,0,OK,val
2026-09-21 10:43:31.709351+00:00,0.2427506624645827,0.04083975931831689,0.5126733162822468,0.08409359973047331,9.632209085637928,0.010721046049820283,26,24,15.88756130389433,False,25.165867186654566,False,0.6380613665752052,False,False,0,OK,val
2026-09-21 10:48:26.917617+00:00,0.2239118359196189,-0.07538657900592034,0.39038476346688894,2.231284753426635,9.63158012492389,0.017058722109231997,20,24,14.228207759800357,False,26.771625267881717,False,0.650543912220573,False,False,0,OK,val
2026-09-21 11:03:43.321564+00:00,0.26264224083928267,-0.045637370295199625,0.2830243883373641,-0.5611525434919423,9.631660713063676,0.012884098726725142,20,24,16.703826504723384,False,28.764687398305504,False,0.5721447964092928,False,False,0,OK,val
2026-09-21 11:43:41.537322+00:00,0.25009081974317326,0.0031096836481179307,-0.25222983986212716,-0.16765986884314954,9.63580595290825,0.015514589241705479,22,24,15.229340415697532,False,30.6322353177682,False,0.5573739814148458,False,False,0,OK,val
2026-09-21 12:04:49.319696+00:00,0.2586755006017715,-0.006999516625714604,0.5788309032736114,0.5150052735005073,9.631367090075237,0.016098807335735668,26,25,16.614360031118654,False,32.58563004581688,False,0.5600546907777311,False,False,0,OK,val
2026-09-21 12:09:41.419304+00:00,0.2562299110436793,-0.010801431683931861,0.12087198603786549,-1.7551997322958965,9.634105034044413,0.018973665961010282,25,25,15.876165130552277,False,34.51456887828463,False,0.6106606280892038,False,False,0,OK,val
2026-09-21 12:14:43.816425+00:00,0.25209361710859235,-0.008349221234567734,-1.053869395617062,1.0673526001097262,9.63059924011395,0.016489415588379155,22,25,16.18871312573444,False,36.40214477140151,False,0.6163422487121563,False,False,0,OK,val
2026-09-21 12:19:36.493532+00:00,0.27515943448418406,-0.0534179859589761,-0.6300223728457663,0.08566974101743197,9.633258693692905,0.017645396000090234,25,25,17.307559082768392,False,38.52037883827431,False,0.6007295859180949,False,False,0,OK,val
2026-09-21 12:24:38.276229+00:00,0.2640304113711997,-0.04850060192503907,0.02644688175593567,-0.36692568080777793,9.631957967071845,0.015112986695683478,26,25,16.61700807367527,False,40.52732267401727,False,0.5590421053307668,False,False,0,OK,val
2026-09-21 12:29:40.546952+00:00,0.26648561808012977,-0.00650906870791607,-0.6444456348158206,1.2252827688740136,9.635164991758218,0.01840000000000002,25,25,16.753316539648942,False,42.558818576849525,False,0.6081676747086364,False,False,0,OK,val
2026-09-21 12:41:55.799103+00:00,0.26497151131102153,-0.014898934325172154,-0.4611802579715137,-1.2744780808524396,9.633482937488031,0.015719651332536905,22,26,16.491538837075264,False,44.575173411990704,False,0.5799559239780969,False,False,0,OK,test
2026-09-21 12:47:01.336441+00:00,0.2528276126017172,-0.043902554409168695,-0.18088779863822899,-0.17343515552571576,9.634899508579743,0.015124483462254187,20,26,15.389576865101402,False,46.47008926003883,False,0.5518578037668644,False,False,0,OK,test
2026-09-21 12:52:02.925068+00:00,0.2662165835077977,-0.029111865893505298,0.1410773752675063,-0.24775564220888452,9.635130447217758,0.014381174563233082,22,26,16.461412577738347,False,48.49889481714777,False,0.5424066341531035,False,False,0,OK,test
2026-09-21 12:56:54.844147+00:00,0.2441940855059906,-0.019192618992039008,-0.11380291722093923,-2.7649484288525237,9.635277143762323,0.016996731711975965,21,26,14.807144072277802,False,50.30747539423864,False,0.6139812526759896,False,False,0,OK,test
2026-09-21 13:02:09.138622+00:00,0.2610266411563038,-0.045611237226449754,0.2511180313215805,1.3014717135119966,9.63033438944348,0.017625481450782635,21,26,16.895013467038037,False,52.284381527832636,False,0.5918832766998796,False,False,0,OK,test
2026-09-21 13:25:53.379217+00:00,0.28072806456060007,-0.07377173039366818,-0.1864826189401065,1.8792331991694895,9.629635267006513,0.014521857792358973,21,27,18.578070512749047,True,54.458301895469596,True,0.6281970368638777,False,False,2,OK,test
2026-09-21 13:50:57.559568+00:00,0.26983717650674854,-0.032894880190237064,-0.8451378736987469,0.5280728682244789,9.641522878681275,0.017660953053556454,23,27,16.05553490287969,False,56.52331338256804,True,0.6080401843968419,False,False,1,WATCH,test
2026-09-21 13:56:00.511421+00:00,0.25568049868639764,-0.03074823601098257,-0.8988411595005592,-0.13588310133633877,9.633479825534248,0.015932550136314217,26,27,15.82621960621033,False,58.446758091462975,True,0.5955151253237541,False,False,1,WATCH,test
2026-09-21 14:05:54.124049+00:00,0.2710905273556778,-0.022391961865318128,0.4503403313340637,0.15886038756606952,9.637061145160942,0.013482241406136207,24,27,16.783372081147995,False,60.52430308705071,True,0.5594523138894514,False,False,1,WATCH,test
2026-09-21 14:10:56.473473+00:00,0.26813859802267326,-0.03190981577545683,-0.21132493497110738,2.3012286818071845,9.636829244612873,0.01569398038765703,28,27,16.806804062369608,False,62.5723287893084,True,0.6098023004152755,False,False,1,WATCH,test
2026-09-21 14:15:58.459013+00:00,0.28196849899649434,-0.015457880281096827,0.4286272232179464,-1.977668681639028,9.636898282465495,0.020474481423830022,27,27,17.568965642046912,True,64.75865350130431,True,0.6409791151781647,False,False,2,WATCH,test
2026-09-21 14:21:00.953619+00:00,0.2780852251847087,-0.058435800953356994,0.4408668933573443,-0.42975394056330074,9.633868956971947,0.018658728470829646,27,27,17.53108771987856,True,66.90614547518236,True,0.5972672805863058,False,False,2,WARNING,test
2026-09-21 14:26:02.672379+00:00,0.26543798358198245,-0.02146940406391673,-0.0847727600552443,2.0180968648527844,9.635271276400589,0.017458553702803976,27,27,16.770803982258396,False,68.92716503303313,True,0.60139067768899,False,False,1,WATCH,test
2026-09-21 14:30:54.784891+00:00,0.2721571908145769,-0.08685039023613224,-0.5700279370063017,0.8974216515774449,9.635795714871392,0.02211692029341579,28,27,17.06909763341429,False,71.01537666320986,True,0.6712089276874176,False,False,1,WATCH,test
2026-09-21 14:35:57.488181+00:00,0.25371191291910433,-0.08022081248818268,-0.5567575601919902,-0.48628304493770386,9.637138558577709,0.013003246644803661,29,27,15.305012453292973,False,72.91913551443187,True,0.6212959508747066,False,False,1,WATCH,test
2026-09-21 14:46:01.682145+00:00,0.2367330537385598,-0.06241436861208483,0.0828694923336666,-0.4994982448859618,9.632332592420832,0.017524285769068504,26,27,14.48650499555959,False,74.65310577384842,True,0.5889431291143665,False,False,1,WATCH,test
2026-09-21 14:51:03.961371+00:00,0.2527659270868491,-0.08663042248576716,0.6092821430652634,-0.04122945482888412,9.629887634441578,0.015329709716755903,20,27,16.25664078142791,False,76.54740476674787,True,0.6208160198327862,False,False,1,WATCH,test
2026-09-21 14:55:58.969115+00:00,0.24751731905622137,-0.09300854968068008,0.4047336172286747,-0.24674075027078227,9.63092387702735,0.014628738838327807,20,27,15.687364161574154,False,78.38921767934104,True,0.6100807565654484,False,False,1,WATCH,test
2026-09-21 15:01:20.315097+00:00,0.29353759761984155,-0.063983184410111,-0.17520267844250528,0.41022266166170074,9.632900162379096,0.019723082923316038,20,27,18.858856990789075,True,80.69123337757043,True,0.6251164120731215,False,False,2,WATCH,test
2026-09-21 15:06:02.420085+00:00,0.30165915828549844,-0.007066120063358517,-0.8112108875193814,0.03128381307224427,9.635057581658048,0.015310275531877766,23,27,19.2126787937935,True,83.07446468245637,True,0.5900587532215693,False,False,2,WARNING,test
2026-09-21 15:10:54.672319+00:00,0.23435438597432476,-0.053785695428276305,-0.21928272730744366,1.112993656645687,9.629598790066725,0.0135922772190682,20,27,14.906431766422493,False,84.78464826423057,True,0.5958850989355634,False,False,1,WATCH,test
2026-09-21 15:21:08.158316+00:00,0.2819944033662881,-0.029226495728961036,1.4130070044622565,0.16720803010324814,9.632043544453413,0.01707659150194393,21,27,18.524467357680237,True,86.97123201992441,True,0.6008178943580118,False,False,2,WATCH,test
2026-09-21 15:28:10.972454+00:00,0.27114941621114375,-0.05387424112880994,0.4796239189578709,-0.33814349503925406,9.635555837364778,0.014115376591954729,23,28,16.840982163065064,False,89.04936590406682,True,0.5711379514933392,False,False,1,WATCH,test
2026-09-21 15:33:13.371791+00:00,0.2707274550799314,-0.0923525368100933,0.4766405953463813,0.35526547069141606,9.633582782939685,0.014249955245185731,28,28,17.2052965975321,False,91.1232801768971,True,0.6193470004788137,False,False,1,WATCH,test
2026-09-21 15:38:17.301262+00:00,0.28215935963706157,-0.08908175752530854,-0.2463720248197604,-0.8094104691554541,9.633365280999719,0.0165301583644233,29,28,17.780666650519763,True,93.31151349529867,True,0.6134123470615628,False,False,2,WATCH,test
2026-09-21 15:43:18.248507+00:00,0.2515492871077369,-0.051849087913542466,0.04655837504508511,0.04379301979461215,9.634064943628664,0.014382583584405993,27,28,15.466843258686927,False,95.193646088407,True,0.5619749234900326,False,False,1,WATCH,test
2026-09-21 15:48:21.563038+00:00,0.2700804550396352,-0.0809182948265514,0.4154844107393442,-1.5748177180867478,9.63488827411743,0.016363497803240402,27,28,16.737779326742682,False,97.2610903608343,True,0.6273859123304468,False,False,1,WATCH,test
2026-09-21 15:53:13.672311+00:00,0.267665425115542,-0.07730297075121056,0.1684384851889491,-0.48282010429144423,9.631385834475884,0.016193277068654838,30,28,16.987754631578046,False,99.30438433402068,True,0.5909790914432757,False,False,1,WATCH,test
2026-09-21 15:58:16.221059+00:00,0.26280678695454807,-0.09351359930847697,-0.12210976097619367,-0.5145018019530019,9.632242439052535,0.016248076809271938,25,28,16.50297482260251,False,101.29909192559712,True,0.6068279815778954,False,False,1,WATCH,test
2026-09-21 16:03:17.471846+00:00,0.28798917553786496,-0.02694686616614082,0.45136894640430975,1.4943682903907387,9.632534670504484,0.015484848118790289,27,28,18.797904581416,True,103.54562340300673,True,0.577829628973349,False,False,2,WATCH,test
2026-09-21 16:13:13.338792+00:00,0.2647455726822333,-0.01908650936947454,1.022518597583474,1.4763736246196162,9.63711517743093,0.01742160717885165,22,28,16.699578168566344,False,105.55971885186003,True,0.6139471739716426,False,False,1,WATCH,test
2026-09-21 16:18:15.716895+00:00,0.2724507949201337,-0.03840326265261368,0.4730838963783946,0.38937877271725757,9.628533639803212,0.01646207763315434,20,28,17.911081316318114,True,107.65086652309232,True,0.5548411510559148,False,False,2,WATCH,test
2026-09-21 16:23:26.442600+00:00,0.27875322571562894,-0.0027628170097994315,-0.024102039688951953,-0.0506086681458102,9.63755256238393,0.013514395616856077,24,28,17.24708476756126,False,109.80503850227957,True,0.5592104666164055,False,False,1,WATCH,test
2026-09-21 16:28:19.687327+00:00,0.28302315023475977,-0.028722607286086072,0.6149730082274493,-0.9409921757623178,9.637791552995708,0.02084387488403744,21,28,17.56552163839589,True,112.00190972665813,True,0.6268067555530856,False,False,2,WATCH,test
2026-09-21 16:33:11.882817+00:00,0.2632522516491261,-0.013023003501084072,-1.2683697780451002,0.10694727444488238,9.634013251641605,0.012526615655206057,21,28,16.596272691475104,False,114.00107196518034,True,0.6355680734331639,False,False,1,WATCH,test
2026-09-21 16:38:14.537780+00:00,0.2697005748054489,-0.036470338598539216,-0.8114764620988189,-0.5784929698759317,9.634834556807034,0.017032444529974763,24,28,16.675530025794647,False,116.06471743526579,True,0.5978529588009344,False,False,1,WATCH,test
2026-09-21 16:43:15.454589+00:00,0.2822516755574637,-0.04854312819621086,0.2297199205649529,0.6349741927167033,9.633175357686644,0.016169106345126204,25,28,18.001578969161855,True,118.25387391287138,True,0.5702507737566772,False,False,2,WATCH,test
2026-09-21 17:08:17.286195+00:00,0.2630049656832255,-0.019086948701017174,0.16294288686102215,-0.3752406265283555,9.632466437928178,0.014239030865898153,20,28,16.57562519424131,False,120.2505632917346,True,0.5407153826683961,False,False,1,WATCH,test
2026-09-21 17:13:18.754961+00:00,0.264510264056125,-0.08761826852153891,1.3412599235158575,0.6746193903427595,9.629166991991493,0.014705682195902415,23,28,17.712883013274098,True,122.26230565432681,True,0.658293462628465,False,False,2,WATCH,test
2026-09-21 17:28:15.385889+00:00,0.27615828641020296,-0.06431076470655227,0.8943008907571781,-1.4116154953266695,9.633716290209218,0.012609520212918503,20,28,17.64772232165214,True,124.3905282404598,True,0.6463695990883936,False,False,2,WARNING,test
2026-09-21 17:36:49.644907+00:00,0.2608458774704443,-0.06152336183948975,-0.6925632334855787,-0.07946754539980798,9.634864475978004,0.011922615498731262,22,29,16.21266087142393,False,126.3656267371952,True,0.627923984624429,False,False,1,WATCH,test
2026-09-21 17:41:51.934195+00:00,0.24976240732572744,-0.07196583677348915,-0.12105300697712523,0.17094554285527294,9.637971526036724,0.013302631318653061,25,29,14.956324222418052,False,128.22989053248344,True,0.6086135375283156,False,False,1,WATCH,test
2026-09-21 17:46:54.529478+00:00,0.27544165246311786,-0.05207631235085551,0.3076411691460299,1.1565679356527014,9.635194349243429,0.01739295239168465,26,29,17.338147423842194,True,130.35094677914557,True,0.5938572035100104,False,False,2,WATCH,test
2026-09-21 17:51:56.294651+00:00,0.2664281586981318,-0.057194822653850196,-0.1782146208641643,0.4067303883133071,9.630817426195891,0.0171130693581585,28,29,16.999488333753042,False,132.38186808815786,True,0.5812082408078733,False,False,1,WATCH,test
2026-09-21 17:56:58.411764+00:00,0.27678595555453783,-0.05190243177575463,1.9559509633559133,-1.7919041057104974,9.633564299429802,0.015198516307823736,28,29,18.08345275126361,True,134.5163673657342,True,0.642132529789682,False,False,2,WATCH,test
2026-09-21 18:01:50.636899+00:00,0.2670894919220634,-0.027689433173274325,-0.12883180865123317,0.6568342860005083,9.639214599283381,0.017924401956368324,29,29,16.128269782326765,False,136.5539020069858,True,0.5671412183934225,False,False,1,WATCH,test
2026-09-21 18:06:52.703241+00:00,0.26242401985641994,-0.024350111033361654,0.6952685635304143,-1.7413837368080058,9.633093078413587,0.016868774571840005,30,29,16.472750597311133,False,138.54478192758094,True,0.5948040174889261,False,False,1,WATCH,test
2026-09-21 18:11:55.129299+00:00,0.2452769721259284,-0.01375382775740015,-0.2273621026303222,-1.059141657659055,9.631522310792414,0.01768866554856215,30,29,15.280120971353334,False,140.3641913708712,True,0.582813124485034,False,False,1,WATCH,test
2026-09-21 18:21:49.927024+00:00,0.27587243680582874,-0.06970298706666801,0.005789439476154198,-1.9075379237917767,9.636486816547485,0.017433413323813172,29,29,16.901738800791254,False,142.48955546096045,True,0.6239277327391163,False,False,1,WATCH,test
2026-09-21 18:26:52.448070+00:00,0.2548117136216941,-0.054501389088930076,-0.48785226865026876,-0.14864934653835749,9.642112871735177,0.019041008376659063,25,29,14.795561940963491,False,144.40431231920834,True,0.6075724699977262,False,False,1,WATCH,test
2026-09-21 18:31:54.445721+00:00,0.2765169381085265,-0.015681193101309693,0.46605399686521254,1.290159061646575,9.634995890859955,0.017596345961618038,29,29,17.60646399610748,True,146.53612142232458,True,0.5869794567168517,False,False,2,WATCH,test
2026-09-21 18:36:57.108438+00:00,0.26227545178827755,-0.024577048632027053,-0.09550623945481247,-1.5171869574972745,9.634504413393078,0.015452362609131395,28,29,16.13571657827284,False,148.52551566223832,True,0.5702407358796361,False,False,1,WATCH,test
2026-09-21 18:41:59.241785+00:00,0.26604017690735293,-0.01865892992094815,0.7722617912794568,0.04901585548486981,9.633901778778624,0.01613435652009279,21,29,16.801615803492442,False,150.5525571533428,True,0.5589606614842825,False,False,1,WATCH,test
2026-09-21 19:36:53.359966+00:00,0.2642450181523236,-0.03904180672077476,0.1230609659728203,-0.7264226971427952,9.635162274255649,0.021675822241411527,21,29,16.41150284347971,False,152.561647056897,True,0.6176536553559202,False,False,1,WATCH,test
2026-09-21 19:47:17.494285+00:00,0.27625842108901016,-0.015163537963772844,-0.4540423569617277,1.3729463226080103,9.638921757246207,0.019241621553289123,25,29,17.062817515833817,False,154.69087098981805,True,0.6111171253133661,False,False,1,WATCH,test
2026-09-21 19:51:49.955806+00:00,0.292172190567004,-0.059345827934164215,-0.05400287399805998,-1.4844483473001815,9.636282187368693,0.012594470598448062,29,29,18.27854400785714,True,156.97923261751905,True,0.6127747990877451,False,False,2,WATCH,test
2026-09-21 19:56:52.048969+00:00,0.2647352610863683,-0.02423585727605504,-0.8371248782183086,0.6275975484635696,9.635811803019793,0.012220720790806753,29,29,16.481841473730444,False,158.9932249504137,True,0.61641639344233,False,False,1,WATCH,test
2026-09-21 20:01:54.240660+00:00,0.28018609742574385,-0.07132351517417138,0.2644420306262458,0.02413238928850696,9.631793720846984,0.022067674288893946,26,29,18.111846282528845,True,161.16172564670208,True,0.6418081426476795,False,False,2,WATCH,test
2026-09-21 20:06:56.528402+00:00,0.26402619025467955,-0.07864623217796156,0.7640881532324366,0.3122047493273802,9.634805428886418,0.014985177861992693,30,29,16.56667726450355,False,163.16862727127983,True,0.6246018302231244,False,False,1,WATCH,test
2026-09-21 20:11:58.823607+00:00,0.2728814227532283,-0.08635596181497152,-0.8261278243738246,0.8572025605760172,9.631834617340768,0.01499900908340108,29,29,17.4565317881707,True,165.26408122084308,True,0.6446863645892192,False,False,2,WATCH,test
2026-09-21 20:16:50.876883+00:00,0.28216627167985964,-0.0338002227335244,-0.09214859957129695,0.5522693516617776,9.633982462516155,0.01650856441873908,29,29,17.846343020767534,True,167.45238365967265,True,0.555997050753664,False,False,2,WARNING,test
2026-09-21 20:21:53.044239+00:00,0.2601221591240432,-0.055426124326231514,-0.5530942272756195,-1.776496352841777,9.632317674224439,0.017771887913218463,25,29,16.231510578874342,False,169.42024497294403,True,0.6254169941565892,False,False,1,WATCH,test
2026-09-21 20:27:55.749439+00:00,0.2792845950552287,-0.05148330678462801,-0.8140230203228875,1.6422751323207494,9.63004204537644,0.014431370787625053,22,29,18.318779081646216,True,171.5797306455273,True,0.6228043771420049,False,False,2,WATCH,test
2026-09-21 20:31:57.701627+00:00,0.27995680812565704,-0.029203323279929288,-0.4980760324518797,-0.17681688415331176,9.635354203415545,0.015014785612264306,26,29,17.41210623329246,True,173.74593844881483,True,0.5577390162293676,False,False,2,WARNING,test
2026-09-21 20:36:50.094956+00:00,0.2674999382426647,-0.06843143489315609,0.5279718734863339,0.7190476395331216,9.634173301402864,0.01416176385749868,30,29,16.908775031589162,False,175.78757755327243,True,0.6058426187699162,False,False,1,WATCH,test
2026-09-21 20:41:52.346648+00:00,0.24698273799838638,-0.03571144211786729,0.02815339037200974,1.6008880287567346,9.630776806963068,0.019365949499056342,25,29,15.864031460923933,False,177.62404465528726,True,0.6098204245094863,False,False,1,WATCH,test
2026-09-21 20:46:57.311761+00:00,0.27329102118063486,-0.058710656201865184,0.6804266089045996,-0.30206539167461477,9.634631701150045,0.015118578920369104,28,29,17.146221587332022,False,179.72359458912456,True,0.5876832700133657,False,False,1,WATCH,test
2026-09-21 20:51:59.001782+00:00,0.26255178530821377,-0.03549400575797325,0.034840780916847454,0.4852023105601192,9.637405703618866,0.014971394764005745,27,29,15.95453855278105,False,181.71575216423767,True,0.5530329991970024,False,False,1,WATCH,test
2026-09-21 20:56:51.236794+00:00,0.2761385510954668,-0.044306880772246045,0.42648873738226734,-1.477591711219267,9.63293894374668,0.016480219450483516,26,29,17.425412175424693,True,183.8437773972233,True,0.578365702738032,False,False,2,WATCH,test
2026-09-21 21:01:54.356702+00:00,0.25430987608773314,-0.05036168828173103,0.5988165069433001,-0.29736412376340404,9.63509632383286,0.01787142286170974,28,29,15.617831410520376,False,185.7535158801316,True,0.5844962621709411,False,False,1,WATCH,test
2026-09-21 21:46:32.038051+00:00,0.2776590810155685,-0.08773931624201604,0.043355750256416546,-0.5505328210638798,9.629359283726503,0.01766095305355645,23,30,18.02761386085076,True,187.89674641231824,True,0.6150118088602118,False,False,2,WATCH,test
2026-09-21 21:56:16.668017+00:00,0.27609298216074,-0.029181041062870956,0.07532397317313629,-0.03046596737036198,9.62960790470285,0.010721046049820758,26,30,18.290949590812865,True,190.0243159559566,True,0.599637086226777,False,False,2,WARNING,test
2026-09-21 22:01:08.817296+00:00,0.27354164058991276,-0.023311763405007256,0.3610054285961715,0.4390518686639232,9.63356842998737,0.014743143673401356,29,30,17.356326494875027,True,192.1263720838867,True,0.5473110642182116,False,False,2,WARNING,test
2026-09-21 22:06:11.002867+00:00,0.2771964310813874,0.010436832038495615,0.041968883849592825,-0.17814962161623465,9.640596415920946,0.01579029237643603,30,30,16.79292200828364,False,194.26497611673153,True,0.5585583732353432,False,False,1,WATCH,test
2026-09-21 22:11:13.468330+00:00,0.2793475824775776,-0.026020980056474192,0.476712815976881,0.2935022115823248,9.637453944547277,0.018015425489162226,30,30,17.313972264012207,False,196.42509166353827,True,0.563603526583471,False,False,1,WATCH,test
2026-09-21 22:16:15.329991+00:00,0.27243394416858124,-0.055275405054844885,-0.26653259175265326,0.6374478156257102,9.63753448493858,0.012064913185660107,26,30,16.845604895726435,False,198.51607082725505,True,0.6091593930742234,False,False,1,WATCH,test
2026-09-21 22:21:17.425514+00:00,0.28953278842185576,-0.009877979686780279,-0.4753698314018186,0.6989072512655926,9.640273867384648,0.016193977212506636,28,30,17.724289791009113,True,200.77803843350458,True,0.5648351645192332,False,False,2,WATCH,test
2026-09-21 22:26:09.903693+00:00,0.26941363194366114,-0.016734056990361085,-1.0888187927530477,-0.13008904612046204,9.633375527529585,0.015445495363766633,23,30,16.956756752157414,False,202.83881447497214,True,0.5995551711276482,False,False,1,WATCH,test
