session,t,u,v,n,t_h,state,epoch,shift_deg,ref_u,ref_v
0,2026-09-18 15:15:59.677746+00:00,0.00677103383169711,-0.008016722342328178,31,497151.26657715166,BASE,0,,0.007923912334204034,-0.008484160649298298
1,2026-09-18 18:15:07.473882+00:00,0.007923912334204034,-0.008484160649298298,13,497154.2520760783,BASE,0,,0.007923912334204034,-0.008484160649298298
3,2026-09-18 20:33:58.089411+00:00,0.011378149343224953,-0.04770497363788102,1,497156.56613594753,BASE,0,,0.007923912334204034,-0.008484160649298298
4,2026-09-18 21:11:36.154058+00:00,0.012783219981356037,-0.017270695347584825,6,497157.1933761272,BASE,0,,0.007923912334204034,-0.008484160649298298
5,2026-09-18 21:49:22.393343+00:00,0.004664925614561956,-0.017963946347223505,5,497157.82288703974,BASE,0,,0.007923912334204034,-0.008484160649298298
7,2026-09-19 04:14:39.627561+00:00,0.005021917436264761,-0.020393515698831896,2,497164.2443409892,BASE,0,,0.007923912334204034,-0.008484160649298298
8,2026-09-19 04:57:27.529240+00:00,0.011871627815942169,-0.005080769209884314,7,497164.9576470111,BASE,0,,0.007923912334204034,-0.008484160649298298
9,2026-09-19 06:28:27.631665+00:00,0.02174601610613435,-0.011109498709498884,4,497166.4743421292,OK,0,0.014069220042786596,0.007923912334204034,-0.008484160649298298
10,2026-09-19 07:05:55.338379+00:00,0.021477282960087444,-0.03592542824668814,21,497167.09870510525,OK,0,0.030605833147851355,0.007923912334204034,-0.008484160649298298
11,2026-09-19 09:57:03.397359+00:00,0.043637253618501765,-0.028813072731050604,2,497169.9509437108,OK,0,,0.007923912334204034,-0.008484160649298298
12,2026-09-19 10:59:53.096062+00:00,0.036494011769727094,-0.023403762413303893,1,497170.9980822394,OK,0,,0.007923912334204034,-0.008484160649298298
13,2026-09-19 11:52:57.574652+00:00,0.025523300200768824,-0.03121143095462888,2,497171.88265962555,OK,0,,0.007923912334204034,-0.008484160649298298
14,2026-09-19 12:05:31.728772+00:00,0.027097907437943075,0.02216826979564146,7,497172.0921468811,OK,0,0.036155408729816325,0.007923912334204034,-0.008484160649298298
15,2026-09-19 13:09:09.860135+00:00,0.031888872303227865,0.007106784691826769,1,497173.1527389264,OK,0,,0.007923912334204034,-0.008484160649298298
18,2026-09-19 14:56:58.846409+00:00,0.02973210254129151,-0.03527533184321264,3,497174.9496795581,OK,0,0.03454510115848746,0.007923912334204034,-0.008484160649298298
19,2026-09-19 15:44:59.595839+00:00,0.030812609683121345,-0.01903553829365175,50,497175.7498877331,OK,0,0.025203651253818286,0.007923912334204034,-0.008484160649298298
20,2026-09-19 20:39:26.098633+00:00,0.04171305287271225,-0.02569284130407349,11,497180.6572496203,OK,0,0.03791892282501038,0.007923912334204034,-0.008484160649298298
23,2026-09-21 06:11:25.812863+00:00,0.10452455952192834,0.03944765314040339,13,497214.1905035731,OK,0,0.10783850801201687,0.007923912334204034,-0.008484160649298298
25,2026-09-21 09:45:36.001177+00:00,0.24338340464941297,-0.07102840028678645,8,497217.76000032696,EVENT,-1,0.24362461787177314,,
26,2026-09-21 10:33:26.627783+00:00,0.25067969499074516,-0.007712484801327515,6,497218.5573966064,UNARMED,-1,,,
27,2026-09-21 12:04:49.319696+00:00,0.26131539898321815,-0.008624171401016983,6,497220.0803665822,UNARMED,-1,,,
28,2026-09-21 12:41:55.799103+00:00,0.2609890829772312,-0.028160711308401407,5,497220.6988330842,UNARMED,-1,,,
29,2026-09-21 13:25:53.379217+00:00,0.2697996183771121,-0.05283453935607209,17,497221.4314942269,UNARMED,-1,,,
30,2026-09-21 15:28:10.972454+00:00,0.270366391008603,-0.04924495343793519,18,497223.46971457056,UNARMED,-1,,,
31,2026-09-21 17:36:49.644907+00:00,0.2667212662537646,-0.04997134289896603,30,497225.61379025195,UNARMED,-1,,,
32,2026-09-21 21:46:32.038051+00:00,0.27660715149034815,-0.023715217597211076,8,497229.77556612523,UNARMED,-1,,,
