session,t,u,v,n,shift_deg,alert
0,2026-09-14 19:31:34.681509+00:00,-0.000158786618784513,0.038616647483257764,39,,False
1,2026-09-14 23:02:33.308246+00:00,0.00039995216493341683,0.040453082805852816,2,,False
2,2026-09-14 23:37:46.383606+00:00,-0.006519592630779663,0.02703346070901267,4,,False
3,2026-09-15 00:34:23.666610+00:00,-0.021757047415879777,0.023739919219428585,22,,False
4,2026-09-15 03:21:34.573852+00:00,-0.04062166712573721,7.044153264654189e-05,7,,False
5,2026-09-15 04:01:59.528050+00:00,0.46069026322438456,-0.1827371430800102,6,0.5121413434025948,True
6,2026-09-15 04:59:49.651216+00:00,0.6115551261101666,-0.28603129764488167,1,0.6913570457761281,True
7,2026-09-15 06:15:18.280344+00:00,0.5964804500934459,-0.7097657758916756,6,0.9313841887710395,True
8,2026-09-15 06:53:02.051749+00:00,-0.5577541666469666,-2.081544146216718,4,2.1546918786445977,True
9,2026-09-15 07:36:08.864823+00:00,-0.587452367717275,-2.111721728455699,5,2.10517185140584,True
10,2026-09-15 08:26:35.553305+00:00,-0.8687152434006771,-3.187966027142524,53,2.8122580760564646,True
11,2026-09-15 13:09:55.393979+00:00,-0.948719571527176,-3.29191969941649,108,1.2719524077562023,True
12,2026-09-17 06:30:47.894063+00:00,-0.8971155244950358,-3.3650497357000697,2,1.2910160201983216,True
13,2026-09-17 08:32:27.941813+00:00,-1.585228905619654,-5.190960951937884,47,2.1272941726292625,True
