session,t,u,v,n,t_h,s_w,state,epoch,shift_deg,z,drift_deg_day
0,2026-09-17 12:29:31.119863+00:00,0.026869055198998924,-0.05617126901763128,44,497124.49197773973,0.03225067561169,BASE,0,,,
1,2026-09-17 16:12:12.305918+00:00,-0.030900304655494207,-0.11149936180018302,72,497128.20341831056,0.04168392346303687,BASE,0,,,
2,2026-09-18 04:44:05.777145+00:00,0.06517764599372003,1.3143764402375329,34,497140.7349380958,0.085818958975464,BASE,0,,,
3,2026-09-18 07:44:57.012198+00:00,-0.10301480911796124,1.352612342379241,8,497143.749170055,0.03188467361752403,BASE,0,,,
4,2026-09-18 08:27:45.053969+00:00,0.12377659217184152,2.30283459909989,99,497144.46251499135,0.0763885816738448,DRIFT,0,1.6784524225648234,3.5623321648997957,2.497067456586875
5,2026-09-18 17:01:38.979271+00:00,0.07909676640809325,2.3872504332600712,65,497153.02749424195,0.025063286145313203,DRIFT,0,0.20548260574422592,0.43616282537475287,2.2610483873841143
6,2026-09-19 04:03:23.487712+00:00,-0.8453858132426841,3.1909387569457985,214,497164.0565243644,0.07800045365792525,DRIFT,0,0.963231041588764,2.0444933091305924,2.0976369351581323
7,2026-09-21 05:58:30.443716+00:00,-0.46175588073821466,2.233276837882598,66,497213.97512325447,0.037305685964327616,OK,0,0.6275456357657798,1.332010724805713,
8,2026-09-21 11:50:19.282606+00:00,-1.4033158951060083,0.89047303078023,6,497219.83868961275,0.035056129674892356,OK,0,1.9530207329233946,4.143712206464345,
9,2026-09-21 12:33:15.173239+00:00,-1.3872645716927408,0.9649979173957025,22,497220.5542147886,0.020653365725428856,OK,0,1.7084255145402167,3.626269835408619,
10,2026-09-21 14:41:22.729146+00:00,-1.415530188842009,0.9612788419792608,78,497222.689646985,0.023952725002314722,OK,0,1.512695555497297,3.210904379849018,
