session,t,kg,n,s_w,state,epoch,shift_kg,z,drift_kg_day
0,2026-08-27 11:34:52.618754+00:00,0.0,1,0.0,SETTLING,-1,,,
1,2026-08-27 11:42:12.795081+00:00,0.0,2,0.0,BASE,0,,,
2,2026-08-27 11:57:31.489904+00:00,0.01,2,0.014825999999999999,BASE,0,,,
3,2026-08-28 04:34:29.401432+00:00,0.005,1,0.0,SETTLING,-1,,,
4,2026-08-28 05:02:43.148638+00:00,0.91,24,0.8154299999999999,BASE,0,,,
6,2026-08-28 08:45:40.108577+00:00,0.0,1,0.0,SETTLING,-1,,,
7,2026-08-28 09:18:48.141562+00:00,0.0,8,0.0,BASE,0,,,
8,2026-08-28 10:12:02.876559+00:00,0.0,1,0.0,SETTLING,-1,,,
9,2026-08-28 10:17:01.589209+00:00,0.0,7,0.0,OK,0,0.005,0.005358842582849046,-0.0
10,2026-08-28 11:37:43.464303+00:00,0.0,3,0.0,OK,0,0.0,0.0,-0.0
11,2026-08-31 04:48:03.547955+00:00,0.05,1,0.0,SETTLING,-1,,,
12,2026-08-31 05:37:49.281689+00:00,0.04,1,0.0,SETTLING,-1,,,
13,2026-08-31 07:03:43.741202+00:00,0.0,4,0.0,OK,0,0.0,0.0,-0.0
14,2026-09-01 04:37:33.701563+00:00,3.64,29,1.0081680000000002,OK,0,3.64,3.8250005859387217,-0.0
15,2026-09-02 05:37:43.904912+00:00,0.0,3,0.0,OK,0,0.0,0.0,-0.0
16,2026-09-02 06:14:59.297744+00:00,0.045,3,0.066717,OK,0,0.045,0.04818853613745881,-0.0
17,2026-09-02 06:35:49.238119+00:00,0.0,1,0.0,SETTLING,-1,,,
18,2026-09-02 06:47:15.173266+00:00,5.9325,2,0.8043104999999993,HIT,0,5.9325,5.4291597564754595,
19,2026-09-03 06:33:57.024471+00:00,0.0,3,0.0,OK,0,0.0,0.0,-0.0
20,2026-09-03 06:46:35.109360+00:00,0.0,1,0.0,SETTLING,-1,,,
21,2026-09-03 06:52:41.814867+00:00,0.0,2,0.0,OK,0,0.0,0.0,-0.0
22,2026-09-03 07:37:30.880121+00:00,0.0,16,0.0,OK,0,0.0,0.0,-0.0
23,2026-09-03 08:58:08.116937+00:00,0.0,45,0.0,OK,0,0.0,0.0,-0.0
24,2026-09-05 04:31:45.543168+00:00,24.445,1,0.0,SETTLING,-1,,,
25,2026-09-05 05:01:20.856347+00:00,22.29,25,0.19273799999999852,HIT,0,22.29,23.869358150437954,
26,2026-09-07 05:18:35.618704+00:00,0.0,35,0.0,OK,0,0.0,0.0,-0.0
27,2026-09-07 08:27:22.078050+00:00,0.0,3,0.0,OK,0,0.0,0.0,-0.0
28,2026-09-07 08:41:17.388504+00:00,0.0,1,0.0,SETTLING,-1,,,
29,2026-09-07 09:05:17.851340+00:00,0.0,1,0.0,SETTLING,-1,,,
30,2026-09-09 05:08:15.621876+00:00,0.0,1,0.0,SETTLING,-1,,,
31,2026-09-09 05:22:25.758298+00:00,0.0,1,0.0,SETTLING,-1,,,
32,2026-09-09 06:08:27.030678+00:00,0.0,1,0.0,SETTLING,-1,,,
33,2026-09-09 06:23:07.720347+00:00,0.0,2,0.0,OK,0,0.0,0.0,-0.0
34,2026-09-09 06:48:17.418129+00:00,0.0,2,0.0,OK,0,0.0,0.0,-0.0
35,2026-09-09 07:00:05.518777+00:00,0.0,1,0.0,SETTLING,-1,,,
36,2026-09-09 07:05:50.914212+00:00,35.56,3,0.037065000000008425,HIT,0,35.56,38.10206839203737,
37,2026-09-09 07:26:53.204126+00:00,4.5024999999999995,348,1.1378955,OK,0,4.5024999999999995,4.8153584624715675,-0.0
38,2026-09-11 05:12:03.507538+00:00,1.625,65,0.511497,OK,0,1.625,1.7376115118851343,0.40671144704782264
39,2026-09-18 04:56:39.301795+00:00,0.0,1,0.0,SETTLING,-1,,,
40,2026-09-18 05:14:45.573002+00:00,0.0,1,0.0,SETTLING,-1,,,
