series,when,raw_state,comp_state,verdict,temp_c,temp_change_c,observed_shift,shift_predicted_from_temp
RFM_0001_s14,2026-09-15 03:21:34.573852+00:00,OK,DRIFT,MASKED_BY_TEMP,23.99,0.13,0.051,0.074
RFM_0001_s14,2026-09-15 04:01:59.528050+00:00,OK,DRIFT,MASKED_BY_TEMP,24.0,0.09,0.535,0.051
RFM_0001_s14,2026-09-15 06:15:18.280344+00:00,DRIFT,DRIFT,NOT_EXPLAINED_BY_TEMP,25.94,1.99,0.925,1.105
RFM_0001_s14,2026-09-15 06:53:02.051749+00:00,EVENT,DRIFT,NOT_EXPLAINED_BY_TEMP,26.56,2.56,2.135,1.422
RFM_0001_s14,2026-09-15 07:36:08.864823+00:00,UNARMED,DRIFT,MASKED_BY_TEMP,27.44,3.26,2.173,1.808
RFM_0001_s14,2026-09-15 08:26:35.553305+00:00,UNARMED,DRIFT,MASKED_BY_TEMP,29.85,4.7,,2.607
RFM_0001_s14,2026-09-15 13:09:55.393979+00:00,UNARMED,DRIFT,MASKED_BY_TEMP,26.77,0.52,,0.287
RFM_0001_s14,2026-09-17 06:30:47.894063+00:00,UNARMED,DRIFT,MASKED_BY_TEMP,27.33,0.66,,0.367
RFM_0002_s4,2026-09-15 03:22:58.845779+00:00,EVENT,EVENT,NOT_EXPLAINED_BY_TEMP,26.08,1.95,0.191,0.01
RFM_0002_s4,2026-09-17 08:53:23.782985+00:00,EVENT,EVENT,NOT_EXPLAINED_BY_TEMP,29.85,0.88,0.686,0.004
RFM_0002_s4,2026-09-21 06:11:25.812863+00:00,OK,EVENT,MASKED_BY_TEMP,30.44,3.25,0.067,0.016
RFM_0002_s4,2026-09-21 09:45:36.001177+00:00,EVENT,SETTLING,TEMP_EXPLAINED,30.03,2.82,0.189,0.014
RFM_0003_s3,2026-09-14 18:05:31.439563+00:00,EVENT,EVENT,NOT_EXPLAINED_BY_TEMP,24.1,-1.31,0.337,0.028
RFM_0004_s2,2026-09-15 00:36:50.524872+00:00,EVENT,EVENT,NOT_EXPLAINED_BY_TEMP,23.72,-0.75,0.276,0.008
RFM_0004_s3,2026-09-18 08:27:45.053969+00:00,DRIFT,EVENT,NOT_EXPLAINED_BY_TEMP,27.21,-1.06,1.678,0.144
RFM_0004_s3,2026-09-18 17:01:38.979271+00:00,DRIFT,UNARMED,TEMP_EXPLAINED,25.24,-2.43,0.205,0.329
RFM_0004_s3,2026-09-19 04:03:23.487712+00:00,DRIFT,UNARMED,TEMP_EXPLAINED,27.44,0.0,0.963,0.0
RFL_01_LC_A,2026-09-01 04:37:33.701563+00:00,EVENT,EVENT,NOT_EXPLAINED_BY_TEMP,29.23,,0.837,
