epoch,method,step_deg,thr,detect_rate,median_delay_sessions
RFM_0002_s3_e1,mad,0.15,0.567,0.0,
RFM_0002_s3_e1,mad,0.2,0.567,0.0,
RFM_0002_s3_e1,mad,0.3,0.567,0.0,
RFM_0002_s3_e1,mad,0.5,0.567,0.0,
RFM_0002_s3_e1,mad,1.0,0.567,1.0,2.0
RFM_0002_s3_e1,mad,2.0,0.567,1.0,2.0
RFM_0002_s3_e1,fixed,0.15,0.5,0.0,
RFM_0002_s3_e1,fixed,0.2,0.5,0.0,
RFM_0002_s3_e1,fixed,0.3,0.5,0.0,
RFM_0002_s3_e1,fixed,0.5,0.5,0.0,
RFM_0002_s3_e1,fixed,1.0,0.5,1.0,2.0
RFM_0002_s3_e1,fixed,2.0,0.5,1.0,2.0
RFM_0002_s3_e2,mad,0.15,0.2,0.667,6.5
RFM_0002_s3_e2,mad,0.2,0.2,0.667,3.0
RFM_0002_s3_e2,mad,0.3,0.2,0.667,2.0
RFM_0002_s3_e2,mad,0.5,0.2,0.667,2.0
RFM_0002_s3_e2,mad,1.0,0.2,0.667,2.0
RFM_0002_s3_e2,mad,2.0,0.2,0.667,2.0
RFM_0002_s3_e2,fixed,0.15,0.5,0.0,
RFM_0002_s3_e2,fixed,0.2,0.5,0.0,
RFM_0002_s3_e2,fixed,0.3,0.5,0.0,
RFM_0002_s3_e2,fixed,0.5,0.5,1.0,2.0
RFM_0002_s3_e2,fixed,1.0,0.5,1.0,2.0
RFM_0002_s3_e2,fixed,2.0,0.5,1.0,2.0
RFM_0003_s2_e1,mad,0.15,0.2,1.0,2.0
RFM_0003_s2_e1,mad,0.2,0.2,1.0,2.0
RFM_0003_s2_e1,mad,0.3,0.2,1.0,2.0
RFM_0003_s2_e1,mad,0.5,0.2,1.0,2.0
RFM_0003_s2_e1,mad,1.0,0.2,1.0,2.0
RFM_0003_s2_e1,mad,2.0,0.2,1.0,2.0
RFM_0003_s2_e1,fixed,0.15,0.5,0.0,
RFM_0003_s2_e1,fixed,0.2,0.5,0.0,
RFM_0003_s2_e1,fixed,0.3,0.5,0.0,
RFM_0003_s2_e1,fixed,0.5,0.5,1.0,2.0
RFM_0003_s2_e1,fixed,1.0,0.5,1.0,2.0
RFM_0003_s2_e1,fixed,2.0,0.5,1.0,2.0
RFM_0004_s1_e2,mad,0.15,0.2,1.0,2.0
RFM_0004_s1_e2,mad,0.2,0.2,1.0,2.0
RFM_0004_s1_e2,mad,0.3,0.2,1.0,2.0
RFM_0004_s1_e2,mad,0.5,0.2,1.0,2.0
RFM_0004_s1_e2,mad,1.0,0.2,1.0,2.0
RFM_0004_s1_e2,mad,2.0,0.2,1.0,2.0
RFM_0004_s1_e2,fixed,0.15,0.5,0.0,
RFM_0004_s1_e2,fixed,0.2,0.5,0.0,
RFM_0004_s1_e2,fixed,0.3,0.5,0.0,
RFM_0004_s1_e2,fixed,0.5,0.5,1.0,2.0
RFM_0004_s1_e2,fixed,1.0,0.5,1.0,2.0
RFM_0004_s1_e2,fixed,2.0,0.5,1.0,2.0
RFM_0004_s1_e4,mad,0.15,0.224,0.0,
RFM_0004_s1_e4,mad,0.2,0.224,0.0,
RFM_0004_s1_e4,mad,0.3,0.224,1.0,2.0
RFM_0004_s1_e4,mad,0.5,0.224,1.0,2.0
RFM_0004_s1_e4,mad,1.0,0.224,1.0,2.0
RFM_0004_s1_e4,mad,2.0,0.224,1.0,2.0
RFM_0004_s1_e4,fixed,0.15,0.5,0.0,
RFM_0004_s1_e4,fixed,0.2,0.5,0.0,
RFM_0004_s1_e4,fixed,0.3,0.5,0.0,
RFM_0004_s1_e4,fixed,0.5,0.5,0.0,
RFM_0004_s1_e4,fixed,1.0,0.5,1.0,2.0
RFM_0004_s1_e4,fixed,2.0,0.5,1.0,2.0
